company_id,score_final,score_bruto,clasificacion,tendencia,score_trayectoria,alerta_temprana,alerta_severidad,alerta_activa_ultimo_mes,primera_alerta,giro_detectado,primer_giro,naturaleza_caida,caida_score_3m,giro_sigmas,delta_score_ultimo_mes,motivo_cambio_ultimo_mes,cambio_real_ultimo_mes,cambio_cobertura_ultimo_mes,group_id,meses_evaluados,meses_activos,evidencia_efectiva,cobertura_media,cobertura_reciente,confianza,apto_ranking,score_ultimo_mes,eventos_detectados,eventos_totales,meses_anticipacion,meses_anticipacion_nivel,meses_ganados_a_nivel
COMP_1096,87.81,91.15,SALUDABLE,MEJORANDO,71.52,1,vigilancia,0,2025-07,1,2025-07,bache,10.95,1.26,-3.18,trayectoria -1.7; cobro_clientes -1.4,-3.16,0.0,GROUP_0125,22,22,7.507,0.967,1.0,alta,1,93.3,,,,,
COMP_1086,87.02,90.28,SALUDABLE,ESTABLE,56.0,1,vigilancia,0,2025-03,1,2025-03,bache,6.45,2.15,-0.86,trayectoria +0.7,0.74,0.0,GROUP_0193,22,22,7.507,0.967,1.0,alta,1,91.09,,,,,
COMP_0256,86.13,90.44,SALUDABLE,ESTABLE,54.97,0,,0,,0,,,,,-4.91,trayectoria -5.8; colchon +0.9,-4.9,0.0,GROUP_0170,14,14,5.517,0.949,1.0,alta,1,89.78,,,,,
COMP_0691,83.02,87.31,SALUDABLE,DETERIORANDO,36.96,1,vigilancia,0,2026-05,1,2026-05,bache,7.67,1.32,-0.29,trayectoria -0.9; deuda_comercial +0.7,-0.28,0.0,GROUP_0010,8,8,5.008,0.955,1.0,media,1,86.98,0.0,1.0,,,
COMP_0693,82.75,85.58,SALUDABLE,DETERIORANDO,32.8,1,vigilancia,1,2025-03,1,2025-03,bache,8.55,1.5,-2.58,liquidez -3.1,-2.59,0.0,GROUP_0116,22,22,7.507,0.967,1.0,alta,1,79.15,,,,,
COMP_0254,82.72,85.55,SALUDABLE,ESTABLE,46.93,1,vigilancia,0,2025-12,1,2025-12,bache,10.47,1.61,-12.56,trayectoria -5.3; eficiencia -5.3,-12.56,0.0,GROUP_0158,22,22,7.507,0.967,1.0,alta,1,77.75,,,,,
COMP_1167,82.65,85.48,SALUDABLE,ESTABLE,50.12,1,vigilancia,0,2025-03,1,2025-03,bache,28.35,1.58,2.13,colchon +2.1,2.11,0.0,GROUP_0212,22,22,7.507,0.967,1.0,alta,1,90.84,,,,,
COMP_0851,82.33,90.41,SALUDABLE,DETERIORANDO,40.71,0,,0,,0,,,,,4.49,trayectoria +4.5,4.48,0.0,GROUP_0211,7,7,2.594,0.897,0.94,media,1,93.72,,,,,
COMP_0661,81.87,84.75,SALUDABLE,DETERIORANDO,35.45,0,,0,,0,,,,,-3.1,deuda_comercial -3.6; colchon +1.8,-3.08,0.0,GROUP_0222,20,20,7.16,0.955,1.0,alta,1,79.06,,,,,
COMP_0735,81.44,84.87,SALUDABLE,ESTABLE,56.59,1,vigilancia,0,2025-11,1,2025-11,bache,28.46,1.8,-16.78,deuda_comercial -23.4; colchon +18.0,-22.98,6.22,GROUP_0200,17,17,5.913,0.905,0.88,alta,1,74.12,,,,,
COMP_0776,81.36,84.11,SALUDABLE,DETERIORANDO,41.08,1,vigilancia,0,2026-02,1,2026-02,bache,20.62,1.62,-19.54,liquidez -9.9; eficiencia -5.3,-19.54,0.0,GROUP_0158,21,21,7.346,0.966,1.0,alta,1,70.64,,,,,
COMP_0321,81.3,83.98,SALUDABLE,ESTABLE,49.45,0,,0,,0,,,,,-1.84,trayectoria -1.7; colchon +1.3,-0.24,0.0,GROUP_0159,22,22,7.507,0.967,1.0,alta,1,80.91,,,,,
COMP_0703,81.3,83.98,SALUDABLE,MEJORANDO,72.68,1,vigilancia,0,2026-01,1,2026-01,bache,14.55,1.69,1.45,colchon +1.4,1.46,0.0,GROUP_0115,22,22,7.507,0.967,1.0,alta,1,94.55,,,,,
COMP_0991,80.68,86.19,SALUDABLE,ESTABLE,57.88,0,,0,,0,,,,,-4.91,colchon -3.3,-3.33,0.0,GROUP_0127,10,10,3.579,0.928,1.0,media,1,89.13,,,,,
COMP_0581,80.26,82.85,SALUDABLE,ESTABLE,49.99,1,vigilancia,0,2025-09,1,2025-09,bache,8.51,1.64,5.01,colchon +2.2,1.8,0.0,GROUP_0191,22,22,7.507,0.967,1.0,alta,1,85.56,,,,,
COMP_0145,80.25,89.14,SALUDABLE,DETERIORANDO,33.86,0,,0,,0,,,,,0.63,trayectoria +0.6,0.62,0.0,GROUP_0007,6,6,2.182,0.88,0.88,media,1,88.79,,,,,
COMP_0617,80.03,86.53,SALUDABLE,ESTABLE,56.51,0,,0,,0,,,,,-3.43,trayectoria -3.9,-3.44,0.0,GROUP_0212,8,8,2.961,0.91,0.97,media,1,85.25,,,,,
COMP_0704,80.0,85.11,SALUDABLE,ESTABLE,47.3,1,vigilancia,0,2026-05,1,2026-05,bache,15.02,1.75,19.24,eficiencia +13.3; trayectoria +3.6,19.24,0.0,GROUP_0131,12,12,3.758,0.928,1.0,alta,1,95.04,,,,,
COMP_1186,79.92,84.53,SALUDABLE,MEJORANDO,65.13,0,,0,,0,,,,,-0.58,trayectoria -1.5; colchon +0.9,-0.59,0.0,GROUP_0135,11,11,4.15,0.935,1.0,media,1,94.05,,,,,
COMP_1107,79.9,82.85,SALUDABLE,MEJORANDO,62.89,1,vigilancia,0,2025-08,1,2025-08,bache,11.12,2.24,3.82,trayectoria +2.5; colchon +1.3,3.82,0.0,GROUP_0103,17,17,6.483,0.958,1.0,alta,1,88.95,,,,,
COMP_0374,79.85,87.2,SALUDABLE,MEJORANDO,65.2,0,,0,,0,,,,,20.91,eficiencia +13.3; colchon +6.5,20.91,0.0,GROUP_0020,7,7,2.594,0.897,0.94,media,1,94.58,,,,,
COMP_0108,79.79,82.33,SALUDABLE,ESTABLE,47.77,1,vigilancia,0,2025-06,1,2025-06,bache,10.81,1.5,3.38,trayectoria +2.4; colchon +1.0,3.38,0.0,GROUP_0179,22,22,7.507,0.967,1.0,alta,1,83.08,,,,,
COMP_0652,79.71,82.42,SALUDABLE,ESTABLE,54.18,0,,0,,0,,,,,-5.54,deuda_comercial -5.5; colchon +4.6,-5.55,0.0,GROUP_0222,20,20,6.994,0.955,1.0,alta,1,76.11,,,,,
COMP_0024,79.68,82.49,SALUDABLE,ESTABLE,49.71,0,,0,,0,,,,,-7.23,deuda_comercial -5.5; eficiencia -2.0,-7.25,0.0,GROUP_0222,18,18,6.738,0.96,1.0,alta,1,75.69,,,,,
COMP_0599,79.49,84.54,SALUDABLE,ESTABLE,50.63,1,vigilancia,0,2025-11,0,,,,,-2.89,"deuda_comercial +4.8; liquidez +4.5 (cambio dominado por datos nuevos, no por comportamiento)",0.0,14.18,GROUP_0018,11,11,3.731,0.876,0.893,media,1,85.45,,,,,
COMP_0627,79.37,81.87,SALUDABLE,MEJORANDO,72.88,1,vigilancia,0,2024-12,1,2025-12,bache,20.05,1.32,0.99,colchon +1.0,0.99,0.0,GROUP_0115,22,22,7.507,0.967,1.0,alta,1,91.93,,,,,
COMP_0249,79.2,81.67,SALUDABLE,ESTABLE,47.39,1,vigilancia,1,2025-03,1,2025-03,bache,18.88,1.58,-14.32,liquidez -11.3; eficiencia -3.4,-14.3,0.0,GROUP_0194,22,22,7.501,0.959,1.0,alta,1,60.21,,,,,
COMP_0505,79.17,81.93,SALUDABLE,MEJORANDO,62.55,1,vigilancia,0,2025-11,1,2025-11,bache,30.35,1.72,3.91,colchon +3.7,3.92,0.0,GROUP_0092,18,18,6.738,0.96,1.0,alta,1,87.8,,,,,
COMP_0983,79.05,81.51,SALUDABLE,ESTABLE,47.97,1,vigilancia,0,2025-04,1,2025-04,bache,18.27,1.47,-0.89,,-0.89,0.0,GROUP_0118,22,22,7.507,0.967,1.0,alta,1,83.69,,,,,
COMP_0076,79.04,81.82,SALUDABLE,ESTABLE,53.58,1,vigilancia,0,2025-04,1,2025-04,bache,6.06,2.02,-0.28,"deuda_comercial +4.2; liquidez +4.0 (cambio dominado por datos nuevos, no por comportamiento)",-0.65,16.18,GROUP_0146,21,21,6.647,0.911,0.84,alta,1,91.57,,,,,
COMP_0005,78.95,81.9,SALUDABLE,DETERIORANDO,32.0,0,,0,,0,,,,,8.27,colchon +4.7; eficiencia +2.0,8.28,0.0,GROUP_0092,17,17,6.249,0.958,1.0,alta,1,89.26,,,,,
COMP_1047,78.79,81.61,SALUDABLE,ESTABLE,50.44,1,vigilancia,0,2025-07,1,2025-08,bache,16.67,1.6,-6.04,liquidez -2.7; trayectoria -2.4,-4.45,0.0,GROUP_0092,17,17,6.483,0.958,1.0,alta,1,81.62,,,,,
COMP_0845,78.75,81.45,SALUDABLE,DETERIORANDO,41.45,1,vigilancia,0,2026-05,1,2026-05,bache,15.84,1.89,-5.71,colchon +4.6; trayectoria -3.6,-5.72,0.0,GROUP_0222,18,18,6.738,0.96,1.0,alta,1,76.74,,,,,
COMP_0301,78.64,84.78,SALUDABLE,ESTABLE,52.73,0,,0,,0,,,,,-2.48,trayectoria -4.0; colchon +1.5,-2.48,0.0,GROUP_0009,8,8,2.961,0.91,0.97,media,1,84.51,,,,,
COMP_1136,78.58,81.27,SALUDABLE,ESTABLE,44.4,1,vigilancia,0,2025-08,1,2025-08,bache,18.67,1.8,8.58,trayectoria +6.9; colchon +1.9,8.57,0.0,GROUP_0222,18,18,6.738,0.96,1.0,alta,1,80.88,,,,,
COMP_0122,78.54,80.95,SALUDABLE,DETERIORANDO,31.9,1,vigilancia,0,2025-09,1,2025-09,bache,10.44,1.35,4.56,liquidez +3.1; colchon +1.5,4.55,0.0,GROUP_0086,22,22,7.507,0.967,1.0,alta,1,79.74,,,,,
COMP_0999,78.48,81.06,SALUDABLE,ESTABLE,43.4,1,nivel_bajo,0,2025-01,0,,,,,-11.5,trayectoria -4.5; deuda_comercial -3.6,-11.49,0.0,GROUP_0222,20,20,6.994,0.955,1.0,alta,1,74.21,,,,,
COMP_0407,77.99,80.61,SALUDABLE,ESTABLE,42.83,0,,0,,0,,,,,-5.17,liquidez -2.7; colchon -1.3,-5.15,0.0,GROUP_0067,18,18,6.738,0.96,1.0,alta,1,76.96,,,,,
COMP_1001,77.83,80.17,SALUDABLE,ESTABLE,48.65,1,vigilancia,0,2025-03,1,2025-03,bache,18.8,1.47,-5.56,liquidez -2.7; trayectoria -2.2,-5.55,0.0,GROUP_0143,22,22,7.507,0.967,1.0,alta,1,76.39,,,,,
COMP_0623,77.66,80.47,SALUDABLE,ESTABLE,51.76,1,vigilancia,0,2025-09,1,2025-09,bache,11.03,1.58,-5.65,liquidez -2.7; colchon -1.6,-5.65,0.0,GROUP_0063,16,16,6.197,0.955,1.0,alta,1,78.33,,,,,
COMP_1181,77.2,82.97,SALUDABLE,ESTABLE,51.21,1,vigilancia,0,2026-05,1,2026-05,bache,14.42,1.61,5.92,liquidez +2.7; trayectoria +1.8,5.92,0.0,GROUP_0009,8,8,2.961,0.91,0.97,media,1,85.64,,,,,
COMP_0877,77.18,81.29,SALUDABLE,MEJORANDO,65.99,1,vigilancia,0,2026-02,1,2026-02,bache,8.44,1.33,-0.33,colchon -0.7,-0.32,0.0,GROUP_0127,11,11,4.15,0.935,1.0,media,1,84.11,,,,,
COMP_0165,77.14,79.88,SALUDABLE,ESTABLE,50.0,0,,0,,0,,,,,0.0,,0.0,0.0,GROUP_0035,21,21,6.23,0.837,0.82,alta,1,79.46,,,,,
COMP_1201,77.03,80.67,SALUDABLE,MEJORANDO,59.84,1,vigilancia,0,2026-01,1,2026-01,bache,14.18,1.3,10.4,colchon +4.5; trayectoria +3.9,10.4,0.0,GROUP_0211,12,12,4.659,0.94,1.0,alta,1,94.3,0.0,1.0,,,
COMP_1213,76.85,79.09,SALUDABLE,ESTABLE,54.39,1,vigilancia,0,2026-05,1,2026-05,caida_estructural,12.09,1.33,1.45,trayectoria +3.4; colchon -1.9,1.44,0.0,GROUP_0158,22,22,7.507,0.967,1.0,alta,1,82.85,,,,,
COMP_0030,76.83,79.12,SALUDABLE,ESTABLE,49.91,1,vigilancia,1,2025-02,1,2026-03,bache,14.58,1.57,-1.87,eficiencia -2.0,-1.87,0.0,GROUP_0126,21,21,7.34,0.957,1.0,alta,1,69.31,,,,,
COMP_0392,76.83,79.23,SALUDABLE,DETERIORANDO,39.95,0,,0,,0,,,,,-2.6,deuda_comercial -5.4; trayectoria +4.4,-2.6,0.0,GROUP_0222,20,20,6.994,0.955,1.0,alta,1,75.8,,,,,
COMP_0705,76.79,79.28,SALUDABLE,ESTABLE,46.8,1,vigilancia,0,2025-08,1,2025-08,bache,22.29,1.75,1.47,trayectoria +1.0,1.48,0.0,GROUP_0067,18,18,6.738,0.96,1.0,alta,1,83.55,,,,,
COMP_0281,76.78,80.82,SALUDABLE,ESTABLE,57.21,1,vigilancia,0,2026-02,1,2026-02,bache,10.99,1.4,1.11,colchon +1.9; trayectoria -0.8,1.12,0.0,GROUP_0127,11,11,4.15,0.935,1.0,media,1,84.7,,,,,
COMP_0216,76.74,79.22,SALUDABLE,MEJORANDO,67.35,1,vigilancia,0,2026-01,1,2026-01,bache,22.9,1.69,2.1,colchon +1.6; trayectoria +0.5,2.09,0.0,GROUP_0067,18,18,6.738,0.96,1.0,alta,1,91.81,,,,,
COMP_0304,76.64,80.66,SALUDABLE,ESTABLE,57.17,1,vigilancia,0,2026-02,1,2026-02,caida_estructural,9.27,1.37,0.43,colchon +2.3; trayectoria -1.9,0.43,0.0,GROUP_0127,11,11,4.15,0.935,1.0,media,1,84.29,,,,,
COMP_0630,76.52,79.07,SALUDABLE,MEJORANDO,66.49,1,vigilancia,0,2025-08,1,2025-08,bache,28.96,1.85,1.73,trayectoria +1.8,1.75,0.0,GROUP_0247,17,17,6.483,0.958,1.0,alta,1,88.23,,,,,
COMP_1183,76.52,79.13,SALUDABLE,ESTABLE,48.88,1,vigilancia,0,2026-02,1,2026-02,caida_estructural,7.73,1.83,-1.32,"colchon +4.0; liquidez +2.9 (cambio dominado por datos nuevos, no por comportamiento)",1.01,11.67,GROUP_0018,20,20,6.37,0.957,0.977,alta,1,85.76,,,,,
COMP_1048,76.48,78.94,SALUDABLE,MEJORANDO,73.02,1,vigilancia,0,2025-12,1,2025-12,bache,29.42,2.28,1.42,colchon +1.4,1.42,0.0,GROUP_0067,18,18,6.738,0.96,1.0,alta,1,94.67,,,,,
COMP_0036,76.24,78.76,SALUDABLE,DETERIORANDO,41.41,1,vigilancia,0,2025-08,1,2025-08,bache,9.09,1.49,2.31,colchon +1.3; trayectoria +1.0,2.3,0.0,GROUP_0103,17,17,6.483,0.958,1.0,alta,1,79.76,,,,,
COMP_0769,76.22,83.71,SALUDABLE,MEJORANDO,68.35,0,,0,,0,,,,,-1.26,trayectoria -4.4; colchon +1.5,-2.84,0.0,GROUP_0114,6,6,2.182,0.88,0.88,media,1,82.91,,,,,
COMP_0517,76.17,78.6,SALUDABLE,DETERIORANDO,35.95,0,,0,,0,,,,,-3.86,liquidez -4.1,-3.85,0.0,GROUP_0165,18,18,6.738,0.96,1.0,alta,1,78.81,,,,,
COMP_0725,76.09,78.36,SALUDABLE,DETERIORANDO,30.53,1,vigilancia,1,2025-01,1,2026-08,caida_estructural,12.08,2.73,-4.77,liquidez -3.1; deuda_comercial -2.8,-4.76,0.0,GROUP_0222,20,20,7.167,0.964,1.0,alta,1,65.99,,,,,
COMP_0310,75.82,78.05,SALUDABLE,DETERIORANDO,32.27,1,vigilancia,0,2026-07,1,2026-07,bache,8.33,1.5,-0.39,colchon -1.5; trayectoria +1.2,-0.4,0.0,GROUP_0158,22,22,7.192,0.948,0.93,alta,1,74.7,,,,,
COMP_1216,75.77,79.63,SALUDABLE,MEJORANDO,61.3,1,vigilancia,0,2026-02,1,2026-02,bache,18.25,1.77,-3.87,liquidez -2.7; trayectoria -0.8,-3.87,0.0,GROUP_0127,11,11,4.15,0.935,1.0,media,1,80.65,,,,,
COMP_0493,75.59,80.95,SALUDABLE,DETERIORANDO,34.71,1,vigilancia,1,2026-08,1,2026-08,caida_estructural,6.07,1.47,-36.75,liquidez -17.1; colchon -12.2,-36.75,0.0,GROUP_0126,8,8,2.961,0.91,0.97,media,1,48.91,,,,,
COMP_1270,75.56,79.38,SALUDABLE,ESTABLE,50.14,1,vigilancia,1,2026-08,1,2026-08,bache,10.49,1.36,-1.65,colchon -1.1; trayectoria -0.5,-1.66,0.0,GROUP_0020,11,11,4.15,0.935,1.0,media,1,75.44,,,,,
COMP_0635,75.44,79.24,SALUDABLE,ESTABLE,56.98,1,vigilancia,0,2026-02,1,2026-02,bache,11.81,1.75,0.8,eficiencia +2.0; colchon -1.4,0.81,0.0,GROUP_0127,11,11,4.15,0.935,1.0,media,1,79.75,,,,,
COMP_0097,75.16,80.41,SALUDABLE,ESTABLE,48.78,0,,0,,0,,,,,-1.35,trayectoria -3.0; colchon +1.6,-1.35,0.0,GROUP_0170,8,8,2.961,0.91,0.97,media,1,82.91,,,,,
COMP_0298,75.12,77.63,SALUDABLE,ESTABLE,55.48,1,vigilancia,1,2026-06,1,2026-06,bache,9.05,1.53,8.14,liquidez +2.7; colchon +2.5,8.13,0.0,GROUP_0063,16,16,6.197,0.955,1.0,alta,1,80.2,,,,,
COMP_0434,74.93,80.13,SALUDABLE,DETERIORANDO,29.04,1,vigilancia,0,2025-10,1,2025-10,bache,24.77,2.42,,,,,GROUP_0134,8,8,2.961,0.91,0.97,media,1,58.49,0.0,1.0,,,
COMP_0502,74.93,77.06,SALUDABLE,ESTABLE,48.8,1,vigilancia,0,2025-03,1,2025-03,bache,19.62,1.66,24.21,liquidez +17.1; trayectoria +3.5,24.22,0.0,GROUP_0098,22,22,7.216,0.93,1.0,alta,1,83.79,,,,,
COMP_0449,74.88,76.93,SALUDABLE,ESTABLE,49.0,0,,0,,0,,,,,-1.46,trayectoria -1.1,-1.48,0.0,GROUP_0017,22,22,7.507,0.967,1.0,alta,1,81.0,,,,,
COMP_1063,74.83,76.97,SALUDABLE,DETERIORANDO,41.69,1,vigilancia,0,2025-01,1,2026-05,bache,7.01,1.39,-7.4,deuda_comercial -3.6; liquidez -2.7,-7.39,0.0,GROUP_0222,20,20,7.167,0.964,1.0,alta,1,74.82,,,,,
COMP_1132,74.83,81.85,SALUDABLE,ESTABLE,54.98,1,vigilancia,1,2026-08,1,2026-08,caida_estructural,8.6,1.79,-3.34,liquidez -5.8; trayectoria -4.0,-10.55,0.0,GROUP_0114,6,6,2.182,0.88,0.88,media,1,76.4,,,,,
COMP_0231,74.77,77.12,SALUDABLE,ESTABLE,53.66,1,vigilancia,1,2026-04,1,2026-04,caida_estructural,14.09,1.84,-9.06,colchon -3.8; eficiencia -3.2,-9.07,0.0,GROUP_0108,20,20,6.502,0.964,1.0,alta,1,64.92,,,,,
COMP_0266,74.69,76.71,SALUDABLE,DETERIORANDO,38.64,1,vigilancia,0,2025-03,1,2025-03,bache,18.77,1.36,9.63,liquidez +4.1; eficiencia +3.4,9.62,0.0,GROUP_0016,22,22,7.507,0.967,1.0,alta,1,75.84,,,,,
COMP_1196,74.56,76.74,SALUDABLE,MEJORANDO,59.37,1,vigilancia,0,2025-10,1,2025-10,caida_estructural,15.04,1.42,-0.94,deuda_comercial -3.6; trayectoria +2.9,-0.92,0.0,GROUP_0222,19,19,6.957,0.953,1.0,alta,1,82.85,,,,,
COMP_0669,74.38,81.25,SALUDABLE,ESTABLE,49.93,1,vigilancia,1,2026-08,1,2026-08,caida_estructural,14.87,1.89,-4.07,trayectoria -2.9; colchon -1.2,-4.07,0.0,GROUP_0007,6,6,2.182,0.88,0.88,media,1,74.97,,,,,
COMP_0335,74.35,78.9,SALUDABLE,MEJORANDO,66.29,1,vigilancia,0,2026-04,1,2026-04,bache,20.75,1.57,1.53,colchon +3.3; trayectoria -1.7,1.55,0.0,GROUP_0214,9,9,3.288,0.92,1.0,media,1,86.38,,,,,
COMP_0927,74.35,76.44,SALUDABLE,MEJORANDO,70.86,1,vigilancia,0,2025-07,1,2025-07,bache,26.18,1.79,-6.81,colchon -4.2; liquidez -2.7,-6.8,0.0,GROUP_0108,20,20,7.166,0.964,1.0,alta,1,81.47,,,,,
COMP_0455,74.27,76.41,SALUDABLE,DETERIORANDO,40.42,1,critica,1,2026-07,1,2026-07,caida_estructural,21.1,2.66,-24.59,liquidez -17.1; deuda_comercial -3.6,-24.6,0.0,GROUP_0222,19,19,6.957,0.953,1.0,alta,1,40.28,,,,,
COMP_0330,74.21,76.51,SALUDABLE,DETERIORANDO,31.15,1,vigilancia,1,2025-10,1,2025-10,caida_estructural,14.9,2.2,-0.69,eficiencia +2.0; colchon -1.9,-0.69,0.0,GROUP_0088,17,17,6.483,0.958,1.0,alta,1,68.51,,,,,
COMP_0067,74.17,77.9,SALUDABLE,ESTABLE,52.04,1,vigilancia,0,2025-10,1,2025-10,bache,50.99,1.92,-22.84,colchon -8.7; liquidez -5.6,-12.7,-10.14,GROUP_0064,15,15,3.967,0.872,0.923,alta,1,69.68,,,,,
COMP_0988,74.16,80.96,SALUDABLE,MEJORANDO,67.3,0,,0,,0,,,,,-3.38,trayectoria -1.9; colchon -1.5,-3.37,0.0,GROUP_0236,6,6,2.182,0.88,0.88,media,1,78.88,,,,,
COMP_0110,74.15,81.05,SALUDABLE,MEJORANDO,70.3,0,,0,,0,,,,,-5.39,trayectoria -3.0; colchon -2.3,-5.39,0.0,GROUP_0008,6,6,2.148,0.85,0.85,media,1,75.51,,,,,
COMP_0605,74.12,78.25,SALUDABLE,MEJORANDO,63.07,1,vigilancia,0,2026-03,1,2026-03,bache,14.39,1.44,-3.93,liquidez -2.7; colchon -2.3,-3.92,0.0,GROUP_0051,10,10,3.579,0.928,1.0,media,1,83.71,,,,,
COMP_0140,74.1,76.47,SALUDABLE,ESTABLE,44.21,1,critica,0,2025-06,0,,,,,-6.31,liquidez -2.7; cobro_clientes -2.3,-6.32,0.0,GROUP_0072,16,16,6.23,0.989,1.0,alta,1,67.93,,,,,
COMP_0997,74.07,78.19,SALUDABLE,ESTABLE,44.17,1,vigilancia,1,2026-03,1,2026-03,caida_estructural,14.26,1.51,3.72,colchon +4.8; trayectoria -1.2,3.72,0.0,GROUP_0117,10,10,3.579,0.928,1.0,media,1,71.58,,,,,
COMP_0112,73.97,76.15,SALUDABLE,DETERIORANDO,28.61,1,vigilancia,1,2026-06,1,2026-06,caida_estructural,19.82,2.54,-3.19,deuda_comercial -7.4; eficiencia +3.8,-3.19,0.0,GROUP_0222,18,18,6.738,0.96,1.0,alta,1,67.25,,,,,
COMP_0399,73.86,75.81,SALUDABLE,MEJORANDO,62.68,1,nivel_bajo,0,2025-01,1,2025-12,bache,29.31,1.37,-1.44,colchon -0.8; trayectoria -0.6,-1.42,0.0,GROUP_0115,22,22,7.507,0.967,1.0,alta,1,84.47,,,,,
COMP_0924,73.82,75.76,SALUDABLE,ESTABLE,51.81,1,nivel_bajo,0,2025-04,1,2025-04,bache,28.53,1.8,-2.92,trayectoria -2.9,-2.92,0.0,GROUP_0065,22,22,7.507,0.967,1.0,alta,1,88.28,0.0,1.0,,2.0,
COMP_1145,73.78,75.94,SALUDABLE,MEJORANDO,65.51,1,vigilancia,0,2025-04,1,2026-01,bache,9.56,1.46,2.97,eficiencia +2.0; colchon +1.3,2.97,0.0,GROUP_0092,18,18,6.738,0.96,1.0,alta,1,91.41,,,,,
COMP_0940,73.63,75.57,SALUDABLE,ESTABLE,57.45,1,critica,0,2025-02,0,,,,,-9.35,cobro_clientes -6.1; eficiencia -2.0,-9.35,0.0,GROUP_0217,19,19,7.423,0.991,1.0,alta,1,71.44,0.0,1.0,,,
COMP_0755,73.58,75.8,SALUDABLE,ESTABLE,49.21,1,vigilancia,1,2026-08,1,2026-08,caida_estructural,11.0,1.46,-10.97,colchon -4.8; trayectoria -4.5,-9.38,0.0,GROUP_0103,17,17,6.483,0.958,1.0,alta,1,55.19,,,,,
COMP_0912,73.52,76.24,SALUDABLE,ESTABLE,43.06,0,,0,,0,,,,,-12.2,eficiencia -7.1; liquidez -2.7,-12.2,0.0,GROUP_0185,11,11,5.265,0.967,1.0,media,1,69.58,,,,,
COMP_0241,73.47,75.38,SALUDABLE,MEJORANDO,69.5,1,vigilancia,0,2025-08,1,2025-08,bache,25.71,2.34,5.16,liquidez +2.7; trayectoria +2.6,5.17,0.0,GROUP_0050,22,22,7.507,0.967,1.0,alta,1,86.99,,,,,
COMP_0548,73.47,75.44,SALUDABLE,ESTABLE,55.07,1,vigilancia,1,2025-03,1,2026-07,caida_estructural,19.59,2.13,-6.22,cobro_clientes -6.0; colchon +1.3,-6.23,0.0,GROUP_0217,19,19,7.277,0.972,1.0,alta,1,60.06,0.0,1.0,,,
COMP_1231,73.46,80.01,SALUDABLE,DETERIORANDO,41.21,0,,0,,0,,,,,,,,,GROUP_0234,6,6,2.182,0.88,0.88,media,1,73.11,,,,,
COMP_0710,73.4,75.3,SALUDABLE,MEJORANDO,64.5,1,vigilancia,0,2025-05,1,2025-05,bache,29.26,2.04,3.7,trayectoria +2.3,2.11,0.0,GROUP_0146,22,22,7.507,0.967,1.0,alta,1,84.53,,,,,
COMP_0653,73.28,75.17,SALUDABLE,ESTABLE,44.72,1,vigilancia,1,2025-03,1,2026-08,bache,35.86,2.8,3.1,eficiencia +3.8; colchon +1.0,4.68,0.0,GROUP_0128,22,22,7.507,0.967,1.0,alta,1,57.16,,,,,
COMP_0555,73.17,75.04,SALUDABLE,ESTABLE,52.63,1,vigilancia,0,2025-03,1,2025-03,caida_estructural,23.13,2.42,-3.51,trayectoria -2.9; colchon +1.0,-1.91,0.0,GROUP_0106,22,22,7.507,0.967,1.0,alta,1,71.71,,,,,
COMP_0389,73.12,75.66,SALUDABLE,DETERIORANDO,36.26,1,vigilancia,1,2026-08,1,2026-08,bache,22.59,2.07,-2.84,liquidez -3.1; colchon +1.0,-2.81,0.0,GROUP_0150,14,14,5.517,0.949,1.0,alta,1,58.25,,,,,
COMP_0830,72.99,74.84,SALUDABLE,ESTABLE,49.75,1,vigilancia,0,2024-12,0,,,,,7.28,eficiencia +3.4; trayectoria +2.7,7.28,0.0,GROUP_0016,22,22,7.507,0.967,1.0,alta,1,89.11,1.0,1.0,5.0,,5.0
COMP_0087,72.97,74.83,SALUDABLE,ESTABLE,51.14,1,vigilancia,0,2025-03,1,2025-03,bache,20.16,1.43,-20.24,liquidez -14.0; eficiencia -3.4,-20.24,0.0,GROUP_0065,22,22,7.507,0.967,1.0,alta,1,56.4,,,,,
COMP_0768,72.97,76.33,SALUDABLE,ESTABLE,57.64,1,vigilancia,1,2026-07,1,2026-07,bache,22.44,1.73,4.73,trayectoria +3.7; colchon +1.0,4.73,0.0,GROUP_0127,11,11,4.15,0.935,1.0,media,1,68.33,,,,,
COMP_0748,72.91,74.75,SALUDABLE,MEJORANDO,63.44,1,vigilancia,0,2025-08,1,2025-08,bache,10.48,1.31,0.26,colchon +0.6,0.25,0.0,GROUP_0074,22,22,7.507,0.967,1.0,alta,1,78.67,,,,,
COMP_1151,72.78,77.43,SALUDABLE,ESTABLE,46.02,1,vigilancia,0,2026-06,1,2026-06,caida_estructural,9.66,1.56,6.67,trayectoria +4.4; liquidez +3.1,6.66,0.0,GROUP_0016,8,8,2.961,0.91,0.97,media,1,80.63,,,,,
COMP_0584,72.7,76.53,SALUDABLE,ESTABLE,53.84,0,,0,,0,,,,,-10.84,colchon -13.6; trayectoria +2.8,-10.82,0.0,GROUP_0117,10,10,3.579,0.928,1.0,media,1,75.68,,,,,
COMP_0674,72.65,74.48,SALUDABLE,DETERIORANDO,31.94,1,vigilancia,0,2025-03,1,2025-03,bache,33.23,1.84,3.31,eficiencia +2.0; colchon +1.6,3.3,0.0,GROUP_0112,22,22,7.507,0.967,1.0,alta,1,79.59,0.0,1.0,,,
COMP_0886,72.51,74.32,SALUDABLE,DETERIORANDO,40.59,1,vigilancia,1,2024-12,1,2026-06,bache,13.78,2.16,10.87,liquidez +8.3; eficiencia +3.4,10.87,0.0,GROUP_0161,22,22,7.507,0.967,1.0,alta,1,73.27,,,,,
COMP_1164,72.47,74.48,SALUDABLE,MEJORANDO,72.04,1,vigilancia,0,2025-04,1,2025-11,bache,17.92,1.32,1.59,colchon +1.5,1.6,0.0,GROUP_0095,18,18,6.738,0.96,1.0,alta,1,87.63,,,,,
COMP_0179,72.42,74.22,SALUDABLE,ESTABLE,42.56,1,vigilancia,0,2025-03,1,2025-03,bache,9.33,1.45,-1.59,colchon -1.5,-1.6,0.0,GROUP_0017,22,22,7.507,0.967,1.0,alta,1,78.75,,,,,
COMP_1189,72.35,74.14,SALUDABLE,ESTABLE,47.21,0,,0,,0,,,,,36.44,colchon +14.0; eficiencia +13.3,36.45,0.0,GROUP_0159,22,22,7.507,0.967,1.0,alta,1,94.8,,,,,
COMP_1117,72.33,77.76,SALUDABLE,MEJORANDO,66.13,1,vigilancia,0,2026-03,1,2026-03,bache,15.79,1.46,,,,,GROUP_0139,9,9,2.476,0.769,0.773,media,1,80.47,,,,,
COMP_1280,72.27,75.49,SALUDABLE,ESTABLE,50.97,1,vigilancia,0,2026-04,1,2026-04,bache,20.36,1.78,9.32,colchon +11.0; trayectoria -1.7,9.32,0.0,GROUP_0159,11,11,4.15,0.935,1.0,media,1,90.81,,,,,
COMP_0441,72.09,73.88,SALUDABLE,DETERIORANDO,41.9,1,vigilancia,1,2025-05,1,2026-08,caida_estructural,18.03,2.5,-2.06,eficiencia +5.3; cobro_clientes -5.2,-2.07,0.0,GROUP_0217,19,19,7.423,0.991,1.0,alta,1,65.35,0.0,1.0,,,
COMP_0590,71.99,75.24,SALUDABLE,MEJORANDO,67.74,1,vigilancia,0,2026-03,1,2026-03,caida_estructural,9.52,1.62,-4.53,liquidez -2.7; cobro_clientes -2.4,-4.52,0.0,GROUP_0222,10,10,4.049,0.928,1.0,media,1,81.91,,,,,
COMP_1090,71.98,73.73,SALUDABLE,ESTABLE,43.61,1,vigilancia,0,2025-06,1,2025-06,bache,27.82,2.29,1.78,colchon +1.7,1.78,0.0,GROUP_0070,22,22,7.507,0.967,1.0,alta,1,80.24,,,,,
COMP_0094,71.94,73.7,SALUDABLE,DETERIORANDO,37.63,1,vigilancia,0,2025-05,0,,,,,-1.74,deuda_comercial -2.5; colchon -2.1,-1.73,0.0,GROUP_0021,22,22,7.507,0.967,1.0,alta,1,78.31,1.0,1.0,2.0,,2.0
COMP_0160,71.94,73.69,SALUDABLE,ESTABLE,49.79,1,vigilancia,0,2025-10,1,2025-10,bache,15.9,1.6,7.84,eficiencia +7.1; trayectoria +2.3,7.82,0.0,GROUP_0106,22,22,7.507,0.967,1.0,alta,1,83.01,,,,,
COMP_0684,71.93,77.95,SALUDABLE,ESTABLE,55.02,1,vigilancia,1,2026-08,1,2026-08,bache,9.94,1.77,-2.18,trayectoria -1.6; colchon -0.6,-2.18,0.0,GROUP_0236,6,6,2.182,0.88,0.88,media,1,76.02,,,,,
COMP_0288,71.92,73.99,SALUDABLE,ESTABLE,44.76,1,vigilancia,0,2025-02,1,2025-03,bache,19.24,1.26,,,,,GROUP_0075,16,16,6.367,0.944,0.97,alta,1,80.12,,,,,
COMP_0039,71.89,73.75,SALUDABLE,MEJORANDO,58.33,1,vigilancia,0,2025-09,1,2025-09,bache,18.0,1.78,11.94,liquidez +8.3; eficiencia +3.4,11.93,0.0,GROUP_0225,21,21,7.034,0.966,1.0,alta,1,80.23,,,,,
COMP_0823,71.87,73.62,SALUDABLE,ESTABLE,49.44,1,vigilancia,0,2025-12,1,2025-12,bache,22.64,1.38,3.7,colchon +0.8,0.49,0.0,GROUP_0115,22,22,7.507,0.967,1.0,alta,1,83.56,,,,,
COMP_1221,71.82,74.96,SALUDABLE,DETERIORANDO,29.33,1,vigilancia,1,2026-02,1,2026-02,bache,20.63,1.9,1.37,colchon +1.6,1.37,0.0,GROUP_0169,11,11,4.15,0.935,1.0,media,1,67.58,,,,,
COMP_0480,71.76,73.49,SALUDABLE,DETERIORANDO,41.54,0,,0,,0,,,,,-1.68,cobro_clientes -3.1; colchon +0.9,-1.67,0.0,GROUP_0112,22,22,7.507,0.967,1.0,alta,1,79.88,,,,,
COMP_1152,71.76,74.36,SALUDABLE,ESTABLE,44.77,1,vigilancia,0,2025-07,1,2025-07,bache,10.8,1.25,,,,,GROUP_0128,12,12,5.009,0.94,1.0,alta,1,76.09,,,,,
COMP_0825,71.75,73.48,SALUDABLE,ESTABLE,55.35,1,vigilancia,0,2026-06,1,2026-06,caida_estructural,15.05,2.07,-0.63,trayectoria -0.8,-0.65,0.0,GROUP_0043,22,22,7.507,0.967,1.0,alta,1,84.0,,,,,
COMP_0377,71.73,76.8,SALUDABLE,ESTABLE,56.39,0,,0,,0,,,,,-18.23,eficiencia -13.3; liquidez -9.9,-18.21,0.0,GROUP_0009,7,7,2.563,0.871,0.91,media,1,68.95,,,,,
COMP_0754,71.67,74.2,SALUDABLE,ESTABLE,52.88,0,,0,,0,,,,,-7.8,eficiencia -3.4; liquidez -3.1,-7.81,0.0,GROUP_0211,13,13,5.113,0.945,1.0,alta,1,72.53,,,,,
COMP_1128,71.66,73.45,SALUDABLE,ESTABLE,51.54,1,vigilancia,0,2026-03,1,2026-03,bache,22.09,1.55,11.26,colchon +13.1; trayectoria -1.9,11.25,0.0,GROUP_0085,21,21,7.232,0.959,1.0,alta,1,74.96,,,,,
COMP_0148,71.62,77.53,SALUDABLE,MEJORANDO,64.23,0,,0,,0,,,,,,,,,GROUP_0016,6,6,2.182,0.88,0.88,media,1,87.29,,,,,
COMP_0463,71.59,73.31,SALUDABLE,ESTABLE,49.45,1,vigilancia,0,2025-06,1,2025-06,bache,21.22,1.58,17.11,liquidez +5.8; trayectoria +4.1,17.11,0.0,GROUP_0086,22,22,7.507,0.967,1.0,alta,1,85.46,,,,,
COMP_0224,71.47,76.4,SALUDABLE,MEJORANDO,63.89,1,vigilancia,0,2026-03,1,2026-06,bache,8.56,1.3,-1.93,eficiencia -2.0,-1.94,0.0,GROUP_0234,7,7,2.594,0.897,0.94,media,1,92.09,,,,,
COMP_0243,71.46,73.77,SALUDABLE,ESTABLE,46.35,1,vigilancia,1,2026-08,1,2026-08,bache,16.3,1.78,2.7,liquidez +4.1; trayectoria -1.7,2.72,0.0,GROUP_0170,14,14,5.517,0.949,1.0,alta,1,65.74,,,,,
COMP_0880,71.33,74.39,SALUDABLE,ESTABLE,43.8,0,,0,,0,,,,,18.68,liquidez +11.3; trayectoria +4.9,18.68,0.0,GROUP_0218,11,11,4.15,0.935,1.0,media,1,76.54,,,,,
COMP_0746,71.23,73.03,SALUDABLE,ESTABLE,52.41,1,vigilancia,0,2025-06,1,2025-06,bache,21.51,1.33,-14.43,deuda_comercial -10.4; cobro_clientes -3.3,-14.42,0.0,GROUP_0222,20,20,7.002,0.964,1.0,alta,1,60.18,,,,,
COMP_0915,71.22,73.03,SALUDABLE,DETERIORANDO,27.21,1,vigilancia,1,2026-05,1,2026-05,caida_estructural,9.68,1.5,-5.38,trayectoria -3.5; cobro_clientes +2.9,-3.77,0.0,GROUP_0088,20,20,6.994,0.955,1.0,alta,1,63.61,,,,,
COMP_1037,71.17,73.03,SALUDABLE,DETERIORANDO,36.39,1,vigilancia,1,2025-07,1,2025-07,bache,25.37,2.34,-3.01,deuda_comercial +4.6; colchon -4.4,-3.03,0.0,GROUP_0081,18,18,6.738,0.96,1.0,alta,1,53.43,,,,,
COMP_1099,71.07,76.8,SALUDABLE,ESTABLE,44.53,0,,0,,0,,,,,,,,,GROUP_0125,6,6,2.182,0.88,0.88,media,1,79.41,,,,,
COMP_0643,70.92,74.1,SALUDABLE,MEJORANDO,64.86,0,,0,,0,,,,,-1.59,,0.03,0.0,GROUP_0008,7,7,3.893,1.0,1.0,media,1,79.78,0.0,1.0,,,
COMP_0631,70.91,72.6,SALUDABLE,ESTABLE,55.8,1,vigilancia,0,2025-09,1,2025-09,bache,21.07,1.78,-6.74,deuda_comercial -14.0; liquidez +2.7,-6.73,0.0,GROUP_0222,20,20,7.314,0.964,1.0,alta,1,69.52,,,,,
COMP_0101,70.9,72.63,SALUDABLE,MEJORANDO,63.67,1,vigilancia,0,2025-07,1,2025-07,bache,29.83,2.31,-4.37,eficiencia -2.0; colchon -1.3,-4.35,0.0,GROUP_0108,20,20,7.166,0.964,1.0,alta,1,83.74,,,,,
COMP_0351,70.81,76.44,SALUDABLE,MEJORANDO,75.97,0,,0,,0,,,,,5.3,liquidez +2.7; colchon -1.1,0.5,0.0,GROUP_0223,6,6,2.182,0.88,0.88,media,1,83.49,,,,,
COMP_1161,70.81,74.87,SALUDABLE,ESTABLE,53.24,1,nivel_bajo,0,2026-02,0,,,,,-3.03,deuda_comercial -4.4; colchon +2.4,-3.03,0.0,GROUP_0047,7,7,3.036,0.949,0.97,media,1,75.17,,,,,
COMP_0308,70.78,72.41,SALUDABLE,ESTABLE,49.05,1,vigilancia,1,2026-03,1,2026-03,caida_estructural,12.53,2.01,-7.67,eficiencia -3.4; liquidez -3.1,-7.68,0.0,GROUP_0250,22,22,7.507,0.967,1.0,alta,1,57.15,,,,,
COMP_0610,70.78,72.62,SALUDABLE,DETERIORANDO,33.53,1,critica,0,2024-12,1,2025-05,bache,22.02,2.01,-0.73,trayectoria -0.7,-0.73,0.0,GROUP_0112,22,22,6.667,0.967,1.0,alta,1,77.97,1.0,1.0,5.0,2.0,3.0
COMP_0866,70.68,72.43,SALUDABLE,DETERIORANDO,39.77,1,vigilancia,1,2025-10,1,2025-10,caida_estructural,13.58,1.58,2.92,deuda_comercial -3.3; liquidez +2.7,2.93,0.0,GROUP_0102,19,19,6.964,0.962,1.0,alta,1,62.13,,,,,
COMP_0535,70.56,72.18,SALUDABLE,ESTABLE,51.09,1,vigilancia,0,2026-05,1,2026-05,bache,9.44,1.62,-0.51,colchon -1.4; trayectoria +0.9,-0.5,0.0,GROUP_0130,22,22,7.507,0.967,1.0,alta,1,72.86,,,,,
COMP_0182,70.53,73.91,SALUDABLE,ESTABLE,50.58,1,vigilancia,0,2026-03,1,2026-03,bache,27.12,1.84,9.34,trayectoria +4.3; liquidez +4.1,9.34,0.0,GROUP_0179,10,10,3.579,0.928,1.0,media,1,76.27,,,,,
COMP_1057,70.44,73.34,SALUDABLE,ESTABLE,56.42,1,vigilancia,0,2026-02,1,2026-02,bache,35.81,1.64,-7.82,eficiencia -3.4; colchon -3.3,-7.81,0.0,GROUP_0218,11,11,4.15,0.935,1.0,media,1,73.41,,,,,
COMP_0564,70.42,72.02,SALUDABLE,ESTABLE,48.41,1,vigilancia,0,2025-10,1,2025-10,bache,22.23,2.33,9.68,liquidez +7.2; eficiencia +3.4,11.28,0.0,GROUP_0212,22,22,7.507,0.967,1.0,alta,1,77.54,,,,,
COMP_0299,70.4,73.77,SALUDABLE,ESTABLE,43.63,1,vigilancia,1,2026-03,1,2026-03,bache,12.11,1.49,-2.18,colchon -1.3; trayectoria -0.9,-2.18,0.0,GROUP_0087,10,10,3.558,0.91,1.0,media,1,64.39,,,,,
COMP_0819,70.39,71.99,SALUDABLE,ESTABLE,48.29,1,vigilancia,0,2025-05,1,2025-05,bache,10.84,1.27,-2.83,deuda_comercial -3.1; trayectoria +1.0,-2.83,0.0,GROUP_0250,22,22,7.507,0.967,1.0,alta,1,65.84,,,,,
COMP_0175,70.3,75.77,SALUDABLE,MEJORANDO,66.15,0,,0,,0,,,,,-17.5,liquidez -8.3; colchon -3.8,-17.51,0.0,GROUP_0143,6,6,2.182,0.88,0.88,media,1,62.13,,,,,
COMP_0133,70.22,72.48,SALUDABLE,ESTABLE,45.8,1,vigilancia,0,2025-09,1,2025-09,bache,27.06,1.53,13.08,eficiencia +17.1; deuda_comercial -4.8,6.09,4.58,GROUP_0103,17,17,5.244,0.887,0.847,alta,1,80.1,,,,,
COMP_0150,70.22,72.37,SALUDABLE,ESTABLE,51.92,1,vigilancia,1,2025-11,1,2025-11,bache,26.21,1.98,-3.67,trayectoria -5.0; liquidez +3.1,-5.23,0.0,GROUP_0081,14,14,5.517,0.949,1.0,alta,1,54.26,,,,,
COMP_0228,70.22,71.98,SALUDABLE,DETERIORANDO,32.74,1,vigilancia,1,2025-10,1,2025-10,bache,30.28,2.72,-4.89,liquidez -4.1; deuda_comercial +3.1,-4.9,0.0,GROUP_0081,18,18,6.738,0.96,1.0,alta,1,51.04,,,,,
COMP_0445,70.22,73.07,SALUDABLE,MEJORANDO,65.2,1,vigilancia,0,2026-05,1,2026-05,caida_estructural,11.74,1.26,-0.34,colchon -3.7; liquidez +3.1,-0.34,0.0,GROUP_0199,11,11,4.15,0.935,1.0,media,1,79.36,,,,,
COMP_0806,70.13,74.67,SALUDABLE,DETERIORANDO,18.21,0,,0,,0,,,,,,,,,GROUP_0177,7,7,2.594,0.897,0.94,media,1,56.32,,,,,
COMP_0167,70.12,71.69,SALUDABLE,MEJORANDO,59.08,0,,0,,0,,,,,5.27,liquidez +2.7; trayectoria +2.5,5.27,0.0,GROUP_0218,22,22,7.507,0.967,1.0,alta,1,87.19,,,,,
COMP_0850,70.04,75.41,SALUDABLE,MEJORANDO,79.83,0,,0,,0,,,,,-3.09,trayectoria -1.8; colchon -1.3,-3.1,0.0,GROUP_0114,6,6,2.182,0.88,0.88,media,1,79.9,,,,,
COMP_0334,69.99,71.73,SALUDABLE,ESTABLE,45.13,1,vigilancia,0,2025-12,1,2025-12,bache,17.03,1.4,-10.48,liquidez -7.2; eficiencia -3.4,-10.47,0.0,GROUP_0159,18,18,6.738,0.96,1.0,alta,1,68.86,,,,,
COMP_0171,69.95,74.52,SALUDABLE,ESTABLE,46.57,0,,0,,0,,,,,7.64,deuda_comercial +18.4; eficiencia -13.3,7.64,0.0,GROUP_0048,8,8,2.547,0.955,1.0,media,1,73.69,,,,,
COMP_0188,69.93,71.63,SALUDABLE,DETERIORANDO,27.55,1,vigilancia,0,2025-04,1,2025-04,bache,21.97,1.61,,,,,GROUP_0158,17,17,6.833,0.958,1.0,alta,1,67.83,,,,,
COMP_0227,69.92,71.65,SALUDABLE,MEJORANDO,66.86,1,vigilancia,0,2025-11,1,2025-11,bache,13.91,1.4,0.6,colchon +0.6,0.61,0.0,GROUP_0092,18,18,6.738,0.96,1.0,alta,1,86.95,,,,,
COMP_0002,69.71,74.97,SALUDABLE,MEJORANDO,77.98,0,,0,,0,,,,,,,,,GROUP_0125,6,6,2.182,0.88,0.88,media,1,79.57,,,,,
COMP_1094,69.7,71.23,SALUDABLE,MEJORANDO,60.88,1,vigilancia,0,2025-04,1,2025-04,bache,11.17,1.61,-4.65,liquidez -4.1; eficiencia -3.4,-4.66,0.0,GROUP_0017,22,22,7.507,0.967,1.0,alta,1,70.9,,,,,
COMP_0696,69.68,71.21,SALUDABLE,MEJORANDO,60.11,1,vigilancia,0,2025-03,1,2025-03,bache,9.04,1.54,-0.99,trayectoria -1.7; colchon +0.7,-0.99,0.0,GROUP_0017,22,22,7.507,0.967,1.0,alta,1,82.52,,,,,
COMP_0785,69.64,71.2,SALUDABLE,DETERIORANDO,39.33,1,vigilancia,1,2025-04,1,2025-04,bache,7.94,1.37,-2.44,liquidez -4.1; colchon +1.8,-2.45,0.0,GROUP_0140,21,21,7.346,0.966,1.0,alta,1,65.42,,,,,
COMP_1125,69.56,71.46,SALUDABLE,MEJORANDO,59.5,1,vigilancia,0,2025-11,1,2025-11,bache,21.43,1.31,-5.8,eficiencia -3.4; trayectoria -1.2,-5.81,0.0,GROUP_0063,16,16,5.977,0.946,1.0,alta,1,73.19,,,,,
COMP_1055,69.55,72.74,SALUDABLE,ESTABLE,54.26,1,vigilancia,0,2026-03,1,2026-03,bache,23.93,1.99,-2.02,trayectoria -1.3; colchon -0.7,-2.02,0.0,GROUP_0087,10,10,3.558,0.91,1.0,media,1,75.96,,,,,
COMP_0789,69.54,72.58,SALUDABLE,ESTABLE,44.92,1,vigilancia,0,2025-04,1,2025-04,bache,29.62,1.36,,,,,GROUP_0115,20,20,3.743,0.817,0.78,media,1,69.97,,,,,
COMP_0235,69.41,70.91,SALUDABLE,MEJORANDO,74.34,1,vigilancia,0,2024-12,1,2025-04,bache,20.17,1.55,-1.67,trayectoria -0.9; colchon +0.8,-0.09,0.0,GROUP_0028,22,22,7.507,0.967,1.0,alta,1,85.69,,,,,
COMP_0848,69.34,70.83,SALUDABLE,DETERIORANDO,39.28,1,vigilancia,0,2025-06,1,2025-06,bache,14.8,1.62,2.8,liquidez +3.1,2.81,0.0,GROUP_0126,22,22,7.507,0.967,1.0,alta,1,74.67,,,,,
COMP_0821,69.33,70.82,SALUDABLE,ESTABLE,48.45,1,vigilancia,0,2025-07,1,2025-09,bache,56.41,2.2,-10.75,deuda_comercial -8.1; cobro_clientes -1.5,-10.77,0.0,GROUP_0070,22,22,7.507,0.967,1.0,alta,1,72.39,0.0,1.0,,2.0,
COMP_0702,69.28,74.39,SALUDABLE,MEJORANDO,62.16,0,,0,,0,,,,,0.09,colchon +6.4; trayectoria -3.6,0.09,0.0,GROUP_0236,6,6,2.182,0.88,0.88,media,1,77.6,,,,,
COMP_0981,69.26,72.46,SALUDABLE,ESTABLE,50.0,1,vigilancia,0,2025-08,1,2025-08,bache,14.09,1.43,,,,,GROUP_0118,16,16,3.475,0.758,0.68,media,1,70.32,,,,,
COMP_0282,69.23,70.72,SALUDABLE,ESTABLE,45.34,1,vigilancia,1,2025-03,1,2025-03,caida_estructural,11.47,1.37,-10.64,liquidez -7.2; colchon -3.7,-10.64,0.0,GROUP_0187,22,22,7.507,0.967,1.0,alta,1,56.62,,,,,
COMP_1089,69.18,70.83,SALUDABLE,ESTABLE,45.23,1,vigilancia,0,2025-08,1,2025-08,bache,19.72,1.44,-23.95,eficiencia -12.3; colchon -8.3,-23.95,0.0,GROUP_0108,18,18,6.729,0.95,1.0,alta,1,44.14,,,,,
COMP_0616,69.17,70.65,SALUDABLE,ESTABLE,46.2,1,vigilancia,0,2025-04,1,2025-04,bache,13.75,1.44,-4.85,colchon -4.6,-4.86,0.0,GROUP_0017,22,22,7.507,0.967,1.0,alta,1,62.66,,,,,
COMP_0767,69.1,72.83,SALUDABLE,DETERIORANDO,38.09,1,vigilancia,1,2026-07,1,2026-07,bache,15.3,1.63,6.51,liquidez +4.1; eficiencia +3.4,6.51,0.0,GROUP_0054,8,8,2.961,0.91,0.97,media,1,68.25,,,,,
COMP_1007,69.07,70.54,SALUDABLE,ESTABLE,56.32,1,vigilancia,0,2024-12,1,2025-04,bache,24.73,2.47,-16.57,liquidez -17.1,-16.58,0.0,GROUP_0159,22,22,7.507,0.967,1.0,alta,1,56.04,,,,,
COMP_0169,69.04,70.5,SALUDABLE,MEJORANDO,58.51,1,vigilancia,0,2025-04,1,2025-04,bache,22.42,1.29,-1.93,trayectoria -1.4; deuda_comercial +0.7,-1.92,0.0,GROUP_0090,22,22,7.507,0.967,1.0,alta,1,78.66,,,,,
COMP_0144,68.91,73.9,SALUDABLE,ESTABLE,47.76,1,vigilancia,0,2026-07,1,2026-07,bache,22.58,1.39,8.21,eficiencia +3.4; liquidez +2.7,8.18,0.0,GROUP_0236,6,6,2.182,0.88,0.88,media,1,85.75,,,,,
COMP_0373,68.88,73.06,SALUDABLE,ESTABLE,53.64,1,vigilancia,0,2026-06,1,2026-06,bache,34.71,1.65,4.09,eficiencia +5.3; colchon -1.3,4.1,0.0,GROUP_0192,7,7,2.594,0.897,0.94,media,1,89.44,,,,,
COMP_0398,68.87,70.93,SALUDABLE,ESTABLE,49.93,1,vigilancia,0,2025-04,1,2025-07,bache,9.49,1.68,,,,,GROUP_0018,15,15,5.269,0.933,0.953,alta,1,72.78,1.0,1.0,3.0,,3.0
COMP_0972,68.81,71.83,SALUDABLE,MEJORANDO,62.42,1,vigilancia,0,2025-12,0,,,,,5.24,liquidez +4.1; colchon +1.3,5.26,0.0,GROUP_0170,10,10,3.579,0.928,1.0,media,1,75.95,,,,,
COMP_0951,68.76,70.2,SALUDABLE,ESTABLE,53.95,1,vigilancia,0,2025-03,1,2025-03,bache,13.15,1.34,-2.06,eficiencia -3.4; colchon +1.4,-2.05,0.0,GROUP_0218,22,22,7.507,0.967,1.0,alta,1,76.38,0.0,2.0,,,
COMP_1081,68.76,70.41,SALUDABLE,MEJORANDO,65.72,1,vigilancia,0,2025-02,1,2025-06,bache,23.5,1.38,-23.2,liquidez -9.9; colchon -5.8,-23.2,0.0,GROUP_0108,20,20,6.502,0.964,1.0,alta,1,64.84,1.0,1.0,3.0,,3.0
COMP_1166,68.7,70.29,SALUDABLE,DETERIORANDO,35.35,1,vigilancia,1,2025-07,1,2025-07,bache,36.12,3.15,0.11,,0.11,0.0,GROUP_0086,18,18,6.738,0.96,1.0,alta,1,47.42,,,,,
COMP_0938,68.69,71.06,SALUDABLE,DETERIORANDO,39.26,0,,0,,0,,,,,,,,,GROUP_0050,11,11,4.5,0.935,1.0,media,1,66.79,,,,,
COMP_0620,68.67,70.37,SALUDABLE,MEJORANDO,58.13,1,vigilancia,0,2026-01,1,2026-01,bache,17.24,1.46,0.07,,0.05,0.0,GROUP_0082,18,18,6.321,0.96,1.0,alta,1,69.11,,,,,
COMP_0612,68.63,70.13,SALUDABLE,MEJORANDO,66.14,1,vigilancia,0,2025-07,1,2025-07,bache,20.48,2.64,,,,,GROUP_0218,20,20,7.086,0.937,0.91,alta,1,87.81,,,,,
COMP_0019,68.53,69.94,SALUDABLE,ESTABLE,47.19,1,vigilancia,0,2025-07,1,2025-07,bache,10.09,1.35,-13.05,liquidez -7.2; eficiencia -3.4,-13.04,0.0,GROUP_0212,22,22,7.507,0.967,1.0,alta,1,65.86,,,,,
COMP_0583,68.52,69.93,SALUDABLE,ESTABLE,54.47,1,vigilancia,0,2025-11,1,2025-11,bache,30.07,2.1,-1.37,trayectoria +3.0; colchon -2.4,-1.37,0.0,GROUP_0143,22,22,7.507,0.967,1.0,alta,1,78.39,,,,,
COMP_1137,68.51,70.62,SALUDABLE,DETERIORANDO,41.58,0,,0,,0,,,,,-4.58,trayectoria -2.8; liquidez -2.7,-4.59,0.0,GROUP_0159,8,8,5.008,0.955,1.0,media,1,79.07,,,,,
COMP_0786,68.37,69.76,SALUDABLE,DETERIORANDO,38.24,1,vigilancia,1,2025-02,1,2025-03,bache,16.62,1.99,-1.5,colchon -2.6; trayectoria +1.2,-1.49,0.0,GROUP_0017,22,22,7.507,0.967,1.0,alta,1,62.92,,,,,
COMP_0745,68.31,71.63,SALUDABLE,DETERIORANDO,35.64,1,vigilancia,1,2026-07,1,2026-07,bache,24.96,2.27,-0.97,trayectoria -1.6; cobro_clientes +1.0,-0.96,0.0,GROUP_0058,9,9,3.14,0.96,1.0,media,1,57.34,,,,,
COMP_0481,68.3,69.69,SALUDABLE,ESTABLE,45.7,1,vigilancia,1,2026-06,1,2026-06,bache,7.72,1.39,-3.69,trayectoria -2.4; colchon -1.3,-3.71,0.0,GROUP_0225,22,22,7.507,0.967,1.0,alta,1,62.0,,,,,
COMP_1165,68.3,69.84,SALUDABLE,ESTABLE,49.47,1,vigilancia,1,2025-07,1,2025-07,bache,32.29,2.23,-27.47,liquidez -17.1; trayectoria -6.2,-28.26,0.0,GROUP_0108,20,20,6.748,0.964,1.0,alta,1,47.44,,,,,
COMP_1153,68.29,70.09,SALUDABLE,ESTABLE,50.0,1,vigilancia,0,2025-05,1,2025-05,bache,22.6,1.42,-22.29,"liquidez -11.0; deuda_comercial -9.0 (cambio dominado por datos nuevos, no por comportamiento)",-10.59,-14.11,GROUP_0150,21,21,5.792,0.846,0.733,media,1,48.03,,,,,
COMP_0889,68.27,69.74,SALUDABLE,DETERIORANDO,40.87,1,vigilancia,0,2026-03,1,2026-03,bache,11.17,1.81,,,,,GROUP_0130,18,18,7.088,0.96,1.0,alta,1,68.13,,,,,
COMP_0078,68.26,70.36,SALUDABLE,ESTABLE,53.82,1,vigilancia,0,2026-02,0,,,,,5.66,deuda_comercial +10.2; cobro_clientes -2.2,7.27,0.0,GROUP_0246,8,8,4.928,0.932,1.0,media,1,79.4,0.0,1.0,,,
COMP_0827,68.17,69.58,SALUDABLE,ESTABLE,52.07,1,vigilancia,1,2025-01,1,2026-07,bache,10.31,1.54,-1.87,trayectoria -4.2; liquidez +4.1,-0.27,0.0,GROUP_0078,21,21,7.346,0.966,1.0,alta,1,61.91,,,,,
COMP_1211,68.15,69.74,SALUDABLE,DETERIORANDO,39.6,1,vigilancia,0,2025-08,1,2025-08,bache,24.49,1.66,-15.31,colchon -12.1; eficiencia -3.2,-15.32,0.0,GROUP_0103,17,17,6.483,0.958,1.0,alta,1,55.85,,,,,
COMP_0598,68.14,69.73,SALUDABLE,DETERIORANDO,32.29,1,vigilancia,0,2026-01,1,2026-01,bache,25.73,2.3,9.37,deuda_comercial +7.4; colchon +2.2,9.39,0.0,GROUP_0200,17,17,6.483,0.958,1.0,alta,1,68.99,0.0,1.0,,,
COMP_0639,68.14,69.51,SALUDABLE,MEJORANDO,65.06,1,nivel_bajo,0,2024-12,1,2026-01,bache,35.31,1.83,1.34,colchon +1.3,1.35,0.0,GROUP_0115,22,22,7.507,0.967,1.0,alta,1,93.75,,,,,
COMP_1114,68.08,72.78,SALUDABLE,MEJORANDO,65.47,1,nivel_bajo,0,2026-05,0,,,,,19.71,liquidez +17.1; colchon +4.3,19.73,0.0,GROUP_0236,6,6,2.182,0.88,0.88,media,1,88.96,,,,,
COMP_0115,68.05,69.57,SALUDABLE,ESTABLE,56.15,1,vigilancia,0,2025-07,1,2025-07,bache,19.77,1.68,13.32,liquidez +8.3; eficiencia +3.4,13.31,0.0,GROUP_0095,18,18,6.738,0.96,1.0,alta,1,76.25,,,,,
COMP_0386,67.91,71.29,ESTABLE,ESTABLE,43.24,0,,0,,0,,,,,18.19,liquidez +14.4; colchon -4.8,18.18,0.0,GROUP_0020,10,10,2.994,0.932,1.0,media,1,79.29,,,,,
COMP_1127,67.91,69.45,ESTABLE,MEJORANDO,59.35,1,vigilancia,0,2025-05,1,2025-05,bache,27.11,1.96,-4.37,colchon -7.6; trayectoria +3.2,-4.37,0.0,GROUP_0108,20,20,6.577,0.964,1.0,alta,1,79.56,,,,,
COMP_0222,67.87,69.37,ESTABLE,ESTABLE,47.27,1,vigilancia,0,2025-07,1,2025-07,bache,24.74,1.55,7.24,trayectoria +4.8; colchon +2.5,7.25,0.0,GROUP_0064,18,18,6.729,0.95,1.0,alta,1,94.82,,,,,
COMP_0761,67.84,69.55,ESTABLE,ESTABLE,42.48,1,vigilancia,0,2026-02,1,2026-02,bache,31.0,1.98,22.0,liquidez +14.0; trayectoria +7.2,22.0,0.0,GROUP_0199,15,15,5.877,0.952,1.0,alta,1,75.6,,,,,
COMP_0026,67.82,72.43,ESTABLE,DETERIORANDO,37.11,1,vigilancia,1,2026-08,1,2026-08,caida_estructural,12.62,1.52,-4.15,trayectoria +4.4; liquidez -4.1,-4.15,0.0,GROUP_0236,6,6,2.182,0.88,0.88,media,1,68.01,,,,,
COMP_0141,67.79,70.6,ESTABLE,ESTABLE,53.94,0,,0,,0,,,,,25.27,liquidez +17.1; eficiencia +7.0,25.25,0.0,GROUP_0220,10,10,3.579,0.928,1.0,media,1,69.38,,,,,
COMP_0327,67.76,72.34,ESTABLE,ESTABLE,50.28,1,vigilancia,0,2026-05,1,2026-05,bache,13.15,1.57,,,,,GROUP_0130,6,6,2.182,0.88,0.88,media,1,79.75,,,,,
COMP_0092,67.74,69.08,ESTABLE,DETERIORANDO,31.54,1,vigilancia,1,2025-05,1,2025-05,caida_estructural,15.45,1.82,-16.92,liquidez -14.4; colchon -3.4,-16.92,0.0,GROUP_0159,22,22,7.507,0.967,1.0,alta,1,55.97,,,,,
COMP_1222,67.72,69.53,ESTABLE,DETERIORANDO,39.27,1,critica,0,2025-08,0,,,,,-2.5,colchon -2.6,-2.5,0.0,GROUP_0137,14,14,5.503,0.936,1.0,alta,1,66.66,0.0,1.0,,,
COMP_0546,67.62,69.09,ESTABLE,ESTABLE,55.0,1,vigilancia,0,2025-04,1,2025-11,bache,32.15,1.88,-32.2,liquidez -17.1; eficiencia -10.4,-32.21,0.0,GROUP_0095,18,18,6.738,0.96,1.0,alta,1,51.08,1.0,1.0,8.0,,8.0
COMP_0592,67.56,69.95,ESTABLE,MEJORANDO,63.58,0,,0,,0,,,,,-35.84,liquidez -17.1; colchon -7.9,-35.83,0.0,GROUP_0185,11,11,4.131,0.918,1.0,media,1,53.07,,,,,
COMP_1072,67.55,69.01,ESTABLE,DETERIORANDO,39.27,1,vigilancia,1,2025-10,1,2025-10,bache,16.24,1.38,-15.91,liquidez -7.2; colchon -4.6,-15.89,0.0,GROUP_0081,18,18,6.738,0.96,1.0,alta,1,46.49,,,,,
COMP_0782,67.48,68.79,ESTABLE,ESTABLE,45.51,1,vigilancia,0,2026-01,1,2026-01,bache,9.32,1.94,4.69,liquidez +3.1; trayectoria +1.9,4.68,0.0,GROUP_0130,22,22,7.507,0.967,1.0,alta,1,76.6,,,,,
COMP_1139,67.48,68.79,ESTABLE,DETERIORANDO,33.9,1,vigilancia,1,2024-12,1,2025-12,bache,29.2,2.54,1.21,liquidez +2.7; colchon -1.0,1.21,0.0,GROUP_0197,22,22,7.507,0.967,1.0,alta,1,67.57,,,,,
COMP_0762,67.46,70.19,ESTABLE,MEJORANDO,70.22,1,vigilancia,0,2026-04,1,2026-04,bache,40.14,1.63,2.38,colchon +3.3; trayectoria -1.0,2.38,0.0,GROUP_0051,10,10,3.579,0.928,1.0,media,1,83.07,0.0,1.0,,,
COMP_0173,67.41,68.84,ESTABLE,ESTABLE,54.58,0,,0,,0,,,,,-0.62,liquidez +3.1; deuda_comercial -2.5,-0.61,0.0,GROUP_0019,20,20,6.816,0.964,1.0,alta,1,72.34,,,,,
COMP_0305,67.4,71.16,ESTABLE,ESTABLE,55.15,0,,0,,0,,,,,3.79,eficiencia +3.4; trayectoria +0.5,3.8,0.0,GROUP_0184,7,7,2.594,0.897,0.94,media,1,73.74,,,,,
COMP_0871,67.38,68.79,ESTABLE,MEJORANDO,59.32,1,critica,0,2024-11,0,,,,,12.84,liquidez +5.8; colchon +3.3,12.04,0.0,GROUP_0021,22,22,6.948,0.967,1.0,alta,1,86.19,0.0,1.0,,,
COMP_0578,67.34,68.64,ESTABLE,ESTABLE,51.48,1,vigilancia,0,2025-04,1,2025-05,bache,33.11,1.45,0.22,liquidez +2.7; cobro_clientes -2.4,0.22,0.0,GROUP_0162,22,22,7.507,0.967,1.0,alta,1,70.37,,,,,
COMP_1103,67.34,71.79,ESTABLE,DETERIORANDO,41.64,0,,0,,0,,,,,-28.43,liquidez -14.4; eficiencia -7.1,-28.43,0.0,GROUP_0236,6,6,2.182,0.88,0.88,media,1,50.17,,,,,
COMP_0489,67.31,71.74,ESTABLE,ESTABLE,42.24,1,vigilancia,1,2026-07,1,2026-07,bache,13.66,1.69,1.71,colchon +1.1; trayectoria +0.6,1.73,0.0,GROUP_0175,6,6,2.182,0.88,0.88,media,1,67.49,,,,,
COMP_0437,67.3,69.63,ESTABLE,ESTABLE,53.05,1,vigilancia,1,2026-07,1,2026-07,bache,18.11,1.3,0.93,liquidez +4.1; eficiencia -3.2,0.9,0.0,GROUP_0199,11,11,4.15,0.935,1.0,media,1,64.0,,,,,
COMP_1070,67.3,68.62,ESTABLE,DETERIORANDO,29.4,1,vigilancia,1,2025-11,1,2025-11,bache,22.24,1.77,20.71,liquidez +14.4; eficiencia +3.8,19.12,0.0,GROUP_0031,18,18,7.34,0.99,1.0,alta,1,70.43,,,,,
COMP_0884,67.25,68.73,ESTABLE,ESTABLE,57.32,0,,0,,0,,,,,3.99,deuda_comercial +2.0; colchon +1.5,3.99,0.0,GROUP_0222,17,17,6.483,0.958,1.0,alta,1,69.51,,,,,
COMP_0700,67.23,68.71,ESTABLE,DETERIORANDO,27.9,1,vigilancia,1,2025-08,1,2025-08,caida_estructural,23.65,2.51,-8.73,eficiencia -3.8; liquidez -3.1,-8.73,0.0,GROUP_0103,17,17,6.483,0.958,1.0,alta,1,45.54,,,,,
COMP_1111,67.18,70.87,ESTABLE,ESTABLE,47.17,1,vigilancia,0,2026-06,1,2026-06,bache,22.64,1.56,-5.63,liquidez -4.1; trayectoria -0.9,-5.63,0.0,GROUP_0169,7,7,2.594,0.897,0.94,media,1,64.85,,,,,
COMP_0244,67.13,68.4,ESTABLE,ESTABLE,48.87,1,vigilancia,0,2025-11,1,2025-11,caida_estructural,9.92,1.31,-5.07,liquidez -4.1; colchon -0.6,-5.06,0.0,GROUP_0212,22,22,7.507,0.967,1.0,alta,1,60.12,,,,,
COMP_0638,67.13,68.51,ESTABLE,ESTABLE,54.57,1,vigilancia,0,2025-02,1,2025-06,bache,21.7,1.53,-18.47,liquidez -14.4; colchon -4.1,-18.49,0.0,GROUP_0108,20,20,6.919,0.964,1.0,alta,1,58.67,1.0,1.0,9.0,6.0,3.0
COMP_0932,67.1,69.37,ESTABLE,ESTABLE,50.94,1,vigilancia,0,2026-06,1,2026-06,bache,26.04,1.74,-0.83,trayectoria +4.7; cobro_clientes -3.7,-0.81,0.0,GROUP_0081,8,8,4.183,1.0,1.0,media,1,73.7,,,,,
COMP_1187,67.1,70.31,ESTABLE,MEJORANDO,60.88,0,,0,,0,,,,,0.18,trayectoria +0.7; colchon -0.5,0.18,0.0,GROUP_0179,8,8,2.961,0.91,0.97,media,1,67.66,,,,,
COMP_0131,67.09,69.9,ESTABLE,DETERIORANDO,41.09,0,,0,,0,,,,,16.56,eficiencia +13.3; trayectoria +0.9,14.18,0.0,GROUP_0070,10,10,3.385,0.95,0.977,media,1,77.38,0.0,1.0,,,
COMP_0727,67.05,70.26,ESTABLE,ESTABLE,49.84,1,vigilancia,1,2026-08,1,2026-08,bache,25.31,2.21,2.05,trayectoria +1.3; colchon +0.8,2.05,0.0,GROUP_0009,8,8,2.961,0.91,0.97,media,1,55.75,,,,,
COMP_0329,67.02,68.28,ESTABLE,ESTABLE,44.29,1,vigilancia,0,2025-04,1,2025-04,bache,21.75,2.03,22.86,liquidez +17.1; eficiencia +3.8,22.88,0.0,GROUP_0161,22,22,7.507,0.967,1.0,alta,1,75.02,,,,,
COMP_1087,67.0,70.19,ESTABLE,DETERIORANDO,41.35,1,vigilancia,1,2026-06,1,2026-06,caida_estructural,13.85,2.62,-17.7,colchon -5.3; liquidez -4.1,-13.71,0.0,GROUP_0182,8,8,2.961,0.91,0.97,media,1,57.38,,,,,
COMP_0033,66.96,71.28,ESTABLE,ESTABLE,42.25,0,,0,,0,,,,,,,,,GROUP_0130,6,6,2.182,0.88,0.88,media,1,70.81,,,,,
COMP_0859,66.93,68.23,ESTABLE,DETERIORANDO,38.99,1,vigilancia,1,2025-02,1,2026-06,bache,25.59,2.13,2.18,trayectoria +2.5,2.18,0.0,GROUP_0150,22,22,7.196,0.945,1.0,alta,1,57.89,,,,,
COMP_0544,66.92,68.27,ESTABLE,ESTABLE,54.66,1,vigilancia,0,2025-06,1,2025-06,bache,20.61,1.29,1.7,colchon +3.7; liquidez +2.7,5.69,0.0,GROUP_0208,19,19,6.964,0.962,1.0,alta,1,78.19,,,,,
COMP_1265,66.89,70.34,ESTABLE,DETERIORANDO,34.35,0,,0,,0,,,,,,,,,GROUP_0078,11,11,2.713,0.904,0.93,media,1,52.44,,,,,
COMP_0624,66.74,68.43,ESTABLE,DETERIORANDO,21.62,1,vigilancia,0,2025-03,1,2025-03,bache,14.34,1.47,,,,,GROUP_0154,13,13,5.463,0.945,1.0,alta,1,60.66,,,,,
COMP_0429,66.7,68.37,ESTABLE,ESTABLE,51.19,1,nivel_bajo,0,2026-03,0,,,,,0.19,trayectoria -2.2; colchon +1.9,0.19,0.0,GROUP_0170,14,14,5.503,0.936,1.0,alta,1,78.74,,,,,
COMP_1236,66.68,67.9,ESTABLE,ESTABLE,44.37,1,vigilancia,0,2025-03,1,2025-03,bache,22.17,1.62,1.32,trayectoria +1.4; colchon -1.3,1.31,0.0,GROUP_0157,22,22,7.507,0.967,1.0,alta,1,61.0,,,,,
COMP_0874,66.67,69.47,ESTABLE,ESTABLE,54.74,1,vigilancia,1,2026-06,1,2026-06,bache,25.6,1.89,-2.58,trayectoria -1.6; colchon -1.5,-2.57,0.0,GROUP_0185,9,9,3.288,0.92,1.0,media,1,56.12,,,,,
COMP_0146,66.61,69.37,ESTABLE,DETERIORANDO,30.71,1,vigilancia,1,2026-07,1,2026-07,bache,20.21,1.66,5.25,liquidez +7.2; colchon -5.6,5.26,0.0,GROUP_0020,9,9,3.315,0.94,1.0,media,1,64.72,,,,,
COMP_1013,66.61,67.91,ESTABLE,MEJORANDO,63.78,1,vigilancia,0,2025-02,1,2025-06,bache,19.11,1.4,-15.95,liquidez -8.3; eficiencia -7.0,-15.96,0.0,GROUP_0108,20,20,7.056,0.964,1.0,alta,1,58.58,,,,,
COMP_1286,66.58,67.82,ESTABLE,DETERIORANDO,38.47,1,vigilancia,0,2025-04,1,2025-04,bache,30.41,1.82,7.98,colchon +0.9; trayectoria +0.7,1.57,0.0,GROUP_0030,21,21,7.346,0.966,1.0,alta,1,72.96,,,,,
COMP_0843,66.46,67.67,ESTABLE,ESTABLE,50.42,1,vigilancia,0,2025-09,1,2025-09,bache,14.93,1.75,-3.23,liquidez -3.1; trayectoria -0.6,-3.24,0.0,GROUP_0218,22,22,7.507,0.967,1.0,alta,1,73.17,,,,,
COMP_1272,66.45,70.59,ESTABLE,ESTABLE,51.61,0,,0,,0,,,,,13.12,liquidez +8.3; trayectoria +3.9,13.12,0.0,GROUP_0077,6,6,2.182,0.88,0.88,media,1,79.61,,,,,
COMP_1150,66.41,67.61,ESTABLE,MEJORANDO,62.81,1,vigilancia,0,2025-03,1,2025-03,caida_estructural,11.76,1.25,-32.22,liquidez -14.0; eficiencia -10.4,-32.23,0.0,GROUP_0106,22,22,7.507,0.967,1.0,alta,1,55.85,,,,,
COMP_0567,66.39,68.14,ESTABLE,ESTABLE,55.92,1,vigilancia,0,2026-03,1,2026-03,bache,40.59,2.11,-5.08,trayectoria -4.6; colchon -0.5,-5.08,0.0,GROUP_0194,13,13,5.113,0.945,1.0,alta,1,70.94,1.0,1.0,1.0,,1.0
COMP_0681,66.38,68.66,ESTABLE,ESTABLE,53.57,1,vigilancia,0,2025-04,1,2025-04,bache,14.67,1.71,,,,,GROUP_0176,10,10,3.929,0.928,1.0,media,1,65.4,,,,,
COMP_0442,66.35,67.54,ESTABLE,ESTABLE,42.48,1,vigilancia,0,2025-04,1,2025-04,bache,8.12,1.52,-3.59,eficiencia -3.4; colchon -1.6,-3.58,0.0,GROUP_0158,22,22,7.507,0.967,1.0,alta,1,71.85,0.0,1.0,,,
COMP_0046,66.31,69.04,ESTABLE,DETERIORANDO,36.61,0,,0,,0,,,,,,,,,GROUP_0062,9,9,3.264,0.9,1.0,media,1,49.45,,,,,
COMP_0816,66.3,67.49,ESTABLE,ESTABLE,47.24,1,nivel_bajo,1,2025-09,1,2025-09,bache,28.63,2.07,-34.49,liquidez -14.4; eficiencia -10.4,-34.5,0.0,GROUP_0158,22,22,7.507,0.967,1.0,alta,1,32.5,,,,,
COMP_0657,66.28,67.5,ESTABLE,ESTABLE,53.92,1,critica,0,2025-01,0,,,,,0.52,deuda_comercial -3.5; cobro_clientes -3.0,0.51,0.0,GROUP_0222,20,20,7.314,0.964,1.0,alta,1,66.43,0.0,1.0,,,
COMP_0285,66.25,67.62,ESTABLE,ESTABLE,45.98,0,,0,,0,,,,,-0.62,trayectoria +4.5; eficiencia -3.4,-0.62,0.0,GROUP_0205,20,20,6.483,0.945,0.977,alta,1,70.76,,,,,
COMP_0690,66.24,69.66,ESTABLE,ESTABLE,45.73,1,vigilancia,0,2026-06,1,2026-06,bache,22.12,1.48,-12.22,colchon -4.7; liquidez -4.1,-12.22,0.0,GROUP_0009,7,7,2.594,0.897,0.94,media,1,59.8,,,,,
COMP_0929,66.2,67.51,ESTABLE,MEJORANDO,66.12,1,vigilancia,0,2025-10,1,2025-10,bache,20.51,1.38,4.36,colchon +3.9,4.36,0.0,GROUP_0067,18,18,6.738,0.96,1.0,alta,1,79.85,,,,,
COMP_0995,66.17,67.61,ESTABLE,MEJORANDO,61.17,1,vigilancia,0,2025-04,1,2026-04,bache,22.5,1.77,4.41,cobro_clientes -11.8; liquidez +7.2,4.43,0.0,GROUP_0113,17,17,6.131,0.958,1.0,alta,1,68.3,,,,,
COMP_1066,66.03,68.13,ESTABLE,MEJORANDO,73.7,1,vigilancia,0,2026-03,1,2026-03,bache,30.21,2.12,6.33,colchon +3.6; liquidez +2.7,6.34,0.0,GROUP_0051,11,11,4.15,0.935,1.0,media,1,86.51,,,,,
COMP_0779,65.99,67.34,ESTABLE,DETERIORANDO,33.94,1,vigilancia,0,2025-08,1,2025-10,bache,10.9,1.3,-25.72,colchon -14.5; liquidez -8.3,-23.33,0.0,GROUP_0108,18,18,6.426,0.96,1.0,alta,1,43.9,,,,,
COMP_0720,65.94,69.9,ESTABLE,ESTABLE,54.4,0,,0,,0,,,,,,,,,GROUP_0130,6,6,2.182,0.88,0.88,media,1,75.56,,,,,
COMP_1283,65.87,67.96,ESTABLE,DETERIORANDO,39.52,1,vigilancia,0,2026-02,1,2026-02,bache,11.48,1.25,1.63,colchon +1.5,1.62,0.0,GROUP_0170,11,11,4.131,0.918,1.0,media,1,65.82,,,,,
COMP_0245,65.84,67.68,ESTABLE,ESTABLE,54.66,1,critica,0,2026-02,1,2026-02,bache,21.09,1.41,-12.12,liquidez -7.2; eficiencia -3.4,-12.13,0.0,GROUP_0096,12,12,4.659,0.94,1.0,alta,1,68.85,,,,,
COMP_1278,65.79,67.25,ESTABLE,ESTABLE,52.06,1,critica,0,2025-09,0,,,,,-26.17,deuda_comercial -14.0; eficiencia -3.8,-24.59,0.0,GROUP_0222,15,15,5.865,0.94,1.0,alta,1,53.67,0.0,1.0,,1.0,
COMP_0852,65.78,66.92,ESTABLE,MEJORANDO,67.94,1,vigilancia,0,2025-02,1,2025-04,bache,35.93,2.03,-0.65,deuda_comercial -1.0; colchon +0.7,-0.66,0.0,GROUP_0090,22,22,7.507,0.967,1.0,alta,1,82.39,0.0,1.0,,11.0,
COMP_0738,65.72,67.03,ESTABLE,MEJORANDO,59.87,1,vigilancia,0,2025-12,1,2025-12,bache,22.6,1.6,-15.5,eficiencia -10.4; liquidez -3.1,-15.49,0.0,GROUP_0064,17,17,6.483,0.958,1.0,alta,1,64.96,,,,,
COMP_1051,65.63,66.9,ESTABLE,DETERIORANDO,36.62,1,nivel_bajo,0,2025-06,1,2025-07,bache,34.73,2.04,,,,,GROUP_0095,17,17,6.643,0.941,0.953,alta,1,40.51,,,,,
COMP_0792,65.61,66.75,ESTABLE,ESTABLE,55.66,1,vigilancia,1,2025-04,1,2025-04,bache,21.9,1.53,-6.23,liquidez -3.1; colchon -1.6,-6.23,0.0,GROUP_0070,21,21,7.346,0.966,1.0,alta,1,51.28,0.0,1.0,,,
COMP_0451,65.46,66.93,ESTABLE,ESTABLE,57.67,1,vigilancia,0,2025-03,1,2025-08,bache,16.34,1.37,,,,,GROUP_0158,18,18,5.634,0.931,0.953,alta,1,69.7,,,,,
COMP_0258,65.44,66.59,ESTABLE,MEJORANDO,61.91,1,vigilancia,0,2025-01,1,2026-02,bache,15.69,1.44,-20.7,eficiencia -11.3; liquidez -4.1,-15.08,0.0,GROUP_0078,21,21,7.223,0.959,1.0,alta,1,51.0,,,,,
COMP_0942,65.42,66.52,ESTABLE,ESTABLE,49.16,1,vigilancia,0,2025-08,1,2025-08,bache,9.06,1.39,-0.95,colchon -1.2; trayectoria +1.2,0.65,0.0,GROUP_0016,22,22,7.507,0.967,1.0,alta,1,65.43,,,,,
COMP_0891,65.39,67.38,ESTABLE,ESTABLE,46.1,0,,0,,0,,,,,-10.99,liquidez -11.3; trayectoria +4.5,-5.36,0.0,GROUP_0081,11,11,4.15,0.935,1.0,media,1,56.08,,,,,
COMP_0962,65.34,69.1,ESTABLE,DETERIORANDO,29.95,1,vigilancia,0,2026-03,1,2026-03,bache,26.04,1.7,,,,,GROUP_0154,6,6,2.182,0.88,0.88,media,1,64.8,,,,,
COMP_0660,65.3,69.1,ESTABLE,ESTABLE,55.68,0,,0,,0,,,,,39.24,eficiencia +13.3; liquidez +11.3,39.24,0.0,GROUP_0175,6,6,2.148,0.85,0.85,media,1,89.53,,,,,
COMP_1054,65.28,66.45,ESTABLE,ESTABLE,44.91,1,vigilancia,0,2025-04,1,2025-04,bache,32.47,1.66,-2.53,liquidez -4.1; trayectoria +2.7,-2.52,0.0,GROUP_0159,21,21,6.942,0.937,1.0,alta,1,68.49,,,,,
COMP_0233,65.23,66.33,ESTABLE,DETERIORANDO,29.95,1,vigilancia,1,2025-04,1,2025-04,bache,29.46,2.04,-0.91,colchon -0.9,-0.9,0.0,GROUP_0150,21,21,7.346,0.966,1.0,alta,1,49.93,0.0,1.0,,,
COMP_0835,65.18,66.26,ESTABLE,MEJORANDO,58.27,1,vigilancia,0,2025-03,1,2025-03,bache,8.51,1.55,11.3,liquidez +8.3; colchon +4.9,11.3,0.0,GROUP_0250,22,22,7.507,0.967,1.0,alta,1,61.67,,,,,
COMP_0648,65.16,66.75,ESTABLE,ESTABLE,42.92,1,vigilancia,1,2026-06,1,2026-06,bache,34.12,2.01,4.99,eficiencia +3.8; trayectoria +1.2,5.02,0.0,GROUP_0053,14,14,5.067,0.949,1.0,alta,1,54.84,,,,,
COMP_0470,65.11,68.79,ESTABLE,ESTABLE,46.75,1,vigilancia,1,2026-08,1,2026-08,caida_estructural,11.68,1.67,-10.83,liquidez -4.1; eficiencia -3.4,-10.83,0.0,GROUP_0236,6,6,2.182,0.88,0.88,media,1,63.6,,,,,
COMP_1144,65.11,66.52,ESTABLE,MEJORANDO,62.56,1,vigilancia,0,2025-12,0,,,,,23.33,liquidez +14.0; colchon +9.6,23.33,0.0,GROUP_0064,16,16,5.711,0.946,1.0,alta,1,93.12,,,,,
COMP_0195,65.1,66.17,ESTABLE,MEJORANDO,62.02,1,vigilancia,0,2025-04,1,2025-04,bache,16.25,1.3,-1.71,colchon +3.5; liquidez -2.7,-1.69,0.0,GROUP_0065,22,22,7.507,0.967,1.0,alta,1,73.68,0.0,1.0,,,
COMP_0822,65.09,67.32,ESTABLE,ESTABLE,47.3,0,,0,,0,,,,,-15.04,liquidez -7.2; eficiencia -3.4,-15.06,0.0,GROUP_0116,10,10,3.579,0.928,1.0,media,1,64.96,,,,,
COMP_0311,65.08,66.38,ESTABLE,DETERIORANDO,38.51,0,,0,,0,,,,,9.99,deuda_comercial +4.4; colchon +1.0,5.19,0.0,GROUP_0175,13,13,6.154,0.972,1.0,alta,1,71.12,,,,,
COMP_0763,65.07,66.26,ESTABLE,ESTABLE,56.92,1,vigilancia,0,2025-07,1,2025-07,bache,29.26,1.4,-15.48,eficiencia -7.1; colchon -6.9,-15.47,0.0,GROUP_0095,18,18,6.738,0.96,1.0,alta,1,69.89,,,,,
COMP_1233,65.07,66.21,ESTABLE,DETERIORANDO,39.78,1,vigilancia,0,2025-06,1,2025-06,bache,27.31,1.36,-13.96,liquidez -4.1; eficiencia -3.4,-9.95,0.0,GROUP_0208,19,19,6.964,0.962,1.0,alta,1,60.59,,,,,
COMP_0614,65.05,66.11,ESTABLE,ESTABLE,47.98,1,vigilancia,0,2024-12,0,,,,,2.8,eficiencia +2.0; cobro_clientes +0.6,2.81,0.0,GROUP_0218,22,22,7.507,0.967,1.0,alta,1,86.86,1.0,1.0,3.0,1.0,2.0
COMP_0760,64.91,65.96,ESTABLE,DETERIORANDO,32.75,1,critica,1,2025-03,1,2025-03,bache,41.8,2.35,-9.39,colchon -5.8,-5.38,0.0,GROUP_0249,22,22,7.507,0.967,1.0,alta,1,37.02,0.0,1.0,,,
COMP_0135,64.9,65.97,ESTABLE,ESTABLE,48.93,1,vigilancia,0,2025-04,1,2025-04,bache,30.42,2.01,-4.64,eficiencia -3.8; trayectoria -1.5,-4.63,0.0,GROUP_0050,21,21,7.346,0.966,1.0,alta,1,75.41,0.0,1.0,,,
COMP_0604,64.89,65.93,ESTABLE,ESTABLE,47.33,1,vigilancia,0,2025-03,1,2025-03,bache,19.21,1.73,-13.66,eficiencia -7.0; colchon -5.4,-9.65,0.0,GROUP_0065,22,22,7.507,0.967,1.0,alta,1,60.24,0.0,1.0,,,
COMP_0401,64.88,67.27,ESTABLE,ESTABLE,45.48,0,,0,,0,,,,,-22.99,liquidez -14.0; trayectoria -8.2,-22.99,0.0,GROUP_0087,9,9,3.288,0.92,1.0,media,1,52.69,,,,,
COMP_0963,64.85,65.89,ESTABLE,ESTABLE,47.45,1,vigilancia,0,2025-03,1,2025-03,bache,42.55,1.86,1.48,colchon +5.3; trayectoria -3.9,1.48,0.0,GROUP_0159,22,22,7.507,0.967,1.0,alta,1,72.01,,,,,
COMP_0383,64.81,65.85,ESTABLE,MEJORANDO,66.71,0,,0,,0,,,,,5.37,liquidez +2.7; eficiencia +2.0,5.38,0.0,GROUP_0078,22,22,7.507,0.967,1.0,alta,1,88.27,,,,,
COMP_0275,64.8,67.47,ESTABLE,MEJORANDO,63.24,0,,0,,0,,,,,6.14,deuda_comercial +8.1; trayectoria -0.8,6.14,0.0,GROUP_0060,9,9,2.919,0.96,1.0,media,1,75.69,,,,,
COMP_0170,64.79,67.83,ESTABLE,MEJORANDO,64.81,0,,0,,0,,,,,,,,,GROUP_0128,7,7,2.563,0.871,0.91,media,1,81.64,0.0,1.0,,,
COMP_0897,64.79,65.95,ESTABLE,DETERIORANDO,40.25,1,nivel_bajo,1,2025-09,1,2025-09,bache,27.15,1.59,-14.51,deuda_comercial -6.9; colchon -3.9,-14.51,0.0,GROUP_0081,18,18,6.738,0.96,1.0,alta,1,39.42,,,,,
COMP_0294,64.76,66.16,ESTABLE,ESTABLE,42.72,1,critica,0,2025-05,0,,,,,-2.06,eficiencia +13.3; cobro_clientes -10.8,-2.05,0.0,GROUP_0217,16,16,5.539,0.92,0.977,alta,1,68.93,,,,,
COMP_1098,64.75,65.99,ESTABLE,DETERIORANDO,33.46,1,vigilancia,0,2025-05,0,,,,,,,,,GROUP_0103,15,15,6.227,0.952,1.0,alta,1,58.66,1.0,1.0,3.0,,3.0
COMP_1116,64.67,67.63,ESTABLE,DETERIORANDO,33.95,1,vigilancia,1,2026-06,1,2026-06,bache,24.18,1.81,0.07,trayectoria +0.8; colchon -0.7,0.07,0.0,GROUP_0169,7,7,2.594,0.897,0.94,media,1,58.72,,,,,
COMP_0312,64.61,68.11,ESTABLE,MEJORANDO,58.91,0,,0,,0,,,,,-15.68,eficiencia -7.1; trayectoria -4.4,-15.67,0.0,GROUP_0194,6,6,2.182,0.88,0.88,media,1,59.9,,,,,
COMP_0730,64.56,68.05,ESTABLE,ESTABLE,56.17,0,,0,,0,,,,,-0.49,liquidez +3.1; colchon -2.1,-0.5,0.0,GROUP_0041,6,6,2.182,0.88,0.88,media,1,73.83,,,,,
COMP_0541,64.55,66.67,ESTABLE,ESTABLE,46.63,1,vigilancia,0,2026-03,1,2026-03,bache,24.99,1.29,5.49,liquidez +7.2; trayectoria -1.6,5.49,0.0,GROUP_0169,10,10,3.579,0.928,1.0,media,1,64.82,,,,,
COMP_1025,64.52,67.44,ESTABLE,ESTABLE,49.18,0,,0,,0,,,,,-18.71,liquidez -11.3; eficiencia -3.4,-18.7,0.0,GROUP_0032,7,7,2.594,0.897,0.94,media,1,53.14,,,,,
COMP_0626,64.46,65.46,ESTABLE,ESTABLE,54.71,1,vigilancia,0,2025-03,1,2025-03,bache,11.84,1.68,-11.2,eficiencia -12.3; colchon +1.1,-11.19,0.0,GROUP_0070,22,22,7.507,0.967,1.0,alta,1,77.54,,,,,
COMP_0406,64.44,66.18,ESTABLE,ESTABLE,56.16,1,nivel_bajo,0,2026-03,0,,,,,1.76,eficiencia +3.4; trayectoria +1.7,3.34,0.0,GROUP_0034,8,8,4.32,0.955,1.0,media,1,76.53,,,,,
COMP_1240,64.42,65.43,ESTABLE,ESTABLE,50.13,1,vigilancia,0,2025-03,1,2025-03,caida_estructural,22.05,1.55,10.7,liquidez +14.0; cobro_clientes -5.1,10.7,0.0,GROUP_0250,22,22,7.507,0.967,1.0,alta,1,69.7,0.0,1.0,,2.0,
COMP_0417,64.36,65.46,ESTABLE,ESTABLE,43.57,1,vigilancia,0,2025-07,1,2025-07,bache,28.27,1.62,20.41,liquidez +11.3; trayectoria +4.7,20.39,0.0,GROUP_0092,18,18,6.738,0.96,1.0,alta,1,79.1,,,,,
COMP_0777,64.34,67.75,ESTABLE,ESTABLE,45.56,0,,0,,0,,,,,26.7,liquidez +17.1; colchon +4.2,26.69,0.0,GROUP_0179,6,6,2.182,0.88,0.88,media,1,86.12,,,,,
COMP_0654,64.29,66.54,ESTABLE,DETERIORANDO,37.84,1,nivel_bajo,1,2026-07,0,,,,,-15.15,deuda_comercial -14.0; trayectoria -1.4,-15.13,0.0,GROUP_0053,9,9,3.288,0.92,1.0,media,1,28.95,1.0,1.0,1.0,,1.0
COMP_1149,64.26,65.25,ESTABLE,MEJORANDO,67.85,1,vigilancia,0,2025-05,1,2025-05,bache,22.9,1.97,4.05,colchon +4.1; eficiencia +3.4,4.05,0.0,GROUP_0057,22,22,7.507,0.967,1.0,alta,1,70.05,,,,,
COMP_0479,64.23,66.29,ESTABLE,ESTABLE,46.11,1,vigilancia,0,2026-03,1,2026-03,bache,24.76,1.82,4.94,liquidez +4.1,4.93,0.0,GROUP_0170,10,10,3.579,0.928,1.0,media,1,65.17,,,,,
COMP_0580,64.23,67.01,ESTABLE,ESTABLE,51.23,0,,0,,0,,,,,-5.23,deuda_comercial -5.4; trayectoria +3.1,-5.23,0.0,GROUP_0008,7,7,2.655,0.949,0.97,media,1,69.2,,,,,
COMP_0663,64.21,67.58,ESTABLE,MEJORANDO,65.17,0,,0,,0,,,,,-6.85,liquidez -7.2; eficiencia -3.4,-6.85,0.0,GROUP_0143,6,6,2.182,0.88,0.88,media,1,68.01,,,,,
COMP_1203,64.2,67.57,ESTABLE,MEJORANDO,77.83,0,,0,,0,,,,,4.91,liquidez +11.3; trayectoria -3.7,8.9,0.0,GROUP_0216,6,6,2.182,0.88,0.88,media,1,73.22,,,,,
COMP_1266,64.13,66.6,ESTABLE,DETERIORANDO,41.72,1,vigilancia,1,2026-06,1,2026-06,caida_estructural,12.24,1.35,-6.09,liquidez -7.2; trayectoria +1.1,-6.89,0.0,GROUP_0087,8,8,2.961,0.91,0.97,media,1,57.41,,,,,
COMP_0483,64.12,65.3,ESTABLE,ESTABLE,54.38,1,vigilancia,0,2025-09,1,2025-09,bache,19.04,2.03,6.05,liquidez +5.8; trayectoria +1.4,6.07,0.0,GROUP_0063,16,16,6.197,0.955,1.0,alta,1,75.65,,,,,
COMP_0896,64.11,67.45,ESTABLE,ESTABLE,43.4,1,vigilancia,1,2026-07,1,2026-07,bache,17.08,1.73,-1.97,colchon -1.0; trayectoria -0.9,-1.98,0.0,GROUP_0114,6,6,2.182,0.88,0.88,media,1,62.67,,,,,
COMP_0571,64.1,66.44,ESTABLE,ESTABLE,55.67,1,vigilancia,0,2025-11,1,2025-11,bache,28.77,1.44,,,,,GROUP_0101,12,12,3.1,0.733,0.68,media,1,74.82,,,,,
COMP_0687,64.05,65.02,ESTABLE,ESTABLE,54.86,1,vigilancia,0,2025-03,1,2025-03,bache,20.32,1.66,-1.6,eficiencia -2.0; colchon +1.5,-1.62,0.0,GROUP_0212,22,22,7.507,0.967,1.0,alta,1,74.53,0.0,1.0,,,
COMP_0080,63.93,65.62,ESTABLE,ESTABLE,50.56,1,vigilancia,0,2025-07,1,2025-12,bache,9.83,1.25,,,,,GROUP_0112,12,12,4.22,0.917,1.0,alta,1,77.53,,,,,
COMP_0671,63.93,64.88,ESTABLE,ESTABLE,55.72,1,vigilancia,0,2025-06,1,2025-06,bache,17.31,1.65,-5.54,cobro_clientes -2.3; colchon +1.7,-0.76,0.0,GROUP_0250,22,22,7.507,0.967,1.0,alta,1,65.33,,,,,
COMP_0315,63.87,65.16,ESTABLE,MEJORANDO,61.98,0,,0,,0,,,,,-1.37,colchon -1.4,-1.39,0.0,GROUP_0064,17,17,5.49,0.922,1.0,alta,1,70.32,,,,,
COMP_0487,63.8,65.77,ESTABLE,ESTABLE,47.41,1,vigilancia,0,2026-03,1,2026-03,bache,23.06,1.51,5.0,liquidez +4.1; eficiencia +3.4,5.0,0.0,GROUP_0170,10,10,3.579,0.928,1.0,media,1,71.68,,,,,
COMP_0561,63.76,64.95,ESTABLE,ESTABLE,52.93,1,vigilancia,0,2025-12,1,2025-12,caida_estructural,18.12,1.91,-9.45,eficiencia -8.0; colchon -1.6,-9.44,0.0,GROUP_0063,15,15,5.877,0.952,1.0,alta,1,58.3,,,,,
COMP_0077,63.75,64.68,ESTABLE,ESTABLE,57.5,1,vigilancia,0,2024-12,1,2025-03,bache,26.17,1.73,4.36,eficiencia +2.0; colchon +1.5,4.36,0.0,GROUP_0213,22,22,7.507,0.967,1.0,alta,1,73.85,,,,,
COMP_1120,63.74,64.67,ESTABLE,DETERIORANDO,36.67,1,critica,1,2025-12,1,2025-12,bache,15.08,1.33,-3.85,cobro_clientes -5.1; liquidez -3.1,-3.84,0.0,GROUP_0250,22,22,7.507,0.967,1.0,alta,1,34.31,0.0,1.0,,,
COMP_0515,63.73,65.68,ESTABLE,DETERIORANDO,32.74,0,,0,,0,,,,,3.57,trayectoria +2.6; deuda_comercial +2.5,3.6,0.0,GROUP_0117,10,10,3.579,0.928,1.0,media,1,66.3,0.0,1.0,,,
COMP_1014,63.73,64.77,ESTABLE,DETERIORANDO,36.65,1,vigilancia,1,2025-07,1,2025-07,bache,33.76,1.88,5.09,trayectoria +3.4; eficiencia +3.2,5.09,0.0,GROUP_0132,18,18,6.738,0.96,1.0,alta,1,49.23,0.0,1.0,,,
COMP_0791,63.72,64.65,ESTABLE,MEJORANDO,69.21,1,vigilancia,0,2025-04,1,2025-04,bache,15.67,1.39,4.8,colchon +5.0,4.81,0.0,GROUP_0065,22,22,7.507,0.967,1.0,alta,1,95.38,0.0,1.0,,,
COMP_0037,63.64,64.71,ESTABLE,ESTABLE,44.27,1,nivel_bajo,1,2026-02,1,2026-02,bache,15.03,1.41,-19.44,liquidez -14.4; deuda_comercial -4.3,-19.45,0.0,GROUP_0222,17,17,6.474,0.947,1.0,alta,1,33.08,,,,,
COMP_0812,63.63,64.55,ESTABLE,ESTABLE,42.73,1,vigilancia,0,2025-01,1,2025-03,bache,21.2,1.29,-4.67,eficiencia -2.0; colchon -1.5,-3.06,0.0,GROUP_0160,22,22,7.507,0.967,1.0,alta,1,65.22,,,,,
COMP_0012,63.52,65.5,ESTABLE,DETERIORANDO,40.27,1,vigilancia,1,2026-08,1,2026-08,bache,16.74,1.6,9.1,eficiencia +3.2; liquidez +3.1,9.11,0.0,GROUP_0087,9,9,3.466,0.92,1.0,media,1,57.18,,,,,
COMP_0425,63.52,64.54,ESTABLE,MEJORANDO,62.87,1,vigilancia,1,2026-04,1,2026-04,bache,27.18,1.62,-0.45,eficiencia -2.0; colchon +1.5,-0.45,0.0,GROUP_0097,17,17,6.693,0.958,1.0,alta,1,76.37,,,,,
COMP_0867,63.47,65.07,ESTABLE,ESTABLE,50.26,1,vigilancia,0,2025-06,1,2026-05,bache,23.23,1.59,12.69,eficiencia +17.1; deuda_comercial -4.8,6.3,3.98,GROUP_0103,17,17,4.251,0.858,0.847,alta,1,83.01,,,,,
COMP_1192,63.37,64.3,ESTABLE,ESTABLE,51.76,1,vigilancia,1,2025-04,1,2025-04,caida_estructural,15.23,1.66,11.67,liquidez +9.9; trayectoria +4.1,11.67,0.0,GROUP_0094,21,21,7.193,0.957,1.0,alta,1,58.56,,,,,
COMP_1142,63.36,64.28,ESTABLE,MEJORANDO,66.89,1,vigilancia,0,2025-01,1,2026-04,bache,40.1,2.24,-5.75,cobro_clientes -9.4; eficiencia +2.0,-5.76,0.0,GROUP_0202,21,21,7.307,0.939,1.0,alta,1,69.04,,,,,
COMP_0950,63.34,64.24,ESTABLE,ESTABLE,45.81,1,critica,1,2026-08,0,,,,,-25.84,liquidez -14.4; eficiencia -7.0,-24.25,0.0,GROUP_0082,22,22,7.507,0.967,1.0,alta,1,35.03,,,,,
COMP_1180,63.34,64.38,ESTABLE,MEJORANDO,68.93,1,vigilancia,0,2025-10,1,2025-10,bache,16.77,1.56,6.65,liquidez +4.1; eficiencia +3.4,6.64,0.0,GROUP_0103,17,17,6.474,0.947,1.0,alta,1,77.19,0.0,1.0,,,
COMP_0462,63.32,64.21,ESTABLE,ESTABLE,49.08,1,vigilancia,0,2024-12,0,,,,,-30.47,liquidez -17.1; eficiencia -10.4,-30.47,0.0,GROUP_0194,22,22,7.507,0.967,1.0,alta,1,53.27,,,,,
COMP_0832,63.31,64.29,ESTABLE,ESTABLE,55.76,1,vigilancia,0,2025-03,1,2025-03,bache,17.35,1.73,-3.81,trayectoria -4.6; colchon +0.8,-3.8,0.0,GROUP_0014,22,22,6.842,0.967,1.0,alta,1,64.05,,,,,
COMP_0656,63.26,65.12,ESTABLE,MEJORANDO,59.96,1,vigilancia,0,2026-03,1,2026-03,bache,36.24,1.64,7.09,liquidez +4.1; eficiencia +3.4,7.07,0.0,GROUP_0087,10,10,3.579,0.928,1.0,media,1,74.57,,,,,
COMP_0248,63.25,64.16,ESTABLE,DETERIORANDO,40.2,1,nivel_bajo,0,2025-01,0,,,,,-4.92,trayectoria -2.0; eficiencia -2.0,-4.95,0.0,GROUP_0095,20,20,7.314,0.964,1.0,alta,1,62.11,,,,,
COMP_0514,63.22,66.75,ESTABLE,ESTABLE,43.99,1,vigilancia,1,2026-07,1,2026-07,caida_estructural,10.29,1.51,-10.09,eficiencia -7.0; colchon -1.6,-10.1,0.0,GROUP_0008,6,6,1.87,0.85,0.85,media,1,56.24,,,,,
COMP_0994,63.15,64.03,ESTABLE,MEJORANDO,65.66,1,vigilancia,0,2026-01,1,2026-01,caida_estructural,12.25,1.32,0.84,trayectoria +1.9; colchon -1.1,0.82,0.0,GROUP_0037,22,22,7.507,0.967,1.0,alta,1,58.81,,,,,
COMP_1039,63.11,64.06,ESTABLE,DETERIORANDO,36.13,1,vigilancia,1,2025-02,1,2025-04,bache,28.74,2.17,-2.0,trayectoria +4.3; colchon -2.3,2.02,0.0,GROUP_0146,22,22,6.858,0.946,1.0,alta,1,48.15,,,,,
COMP_0003,63.1,65.44,ESTABLE,DETERIORANDO,35.62,0,,0,,0,,,,,3.45,eficiencia +3.4; cobro_clientes -1.1,3.44,0.0,GROUP_0044,8,8,2.795,0.955,1.0,media,1,70.16,0.0,1.0,,,
COMP_0978,63.1,63.99,ESTABLE,DETERIORANDO,41.91,1,critica,0,2025-03,0,,,,,-15.58,liquidez -11.3; eficiencia -3.4,-15.58,0.0,GROUP_0142,22,22,7.321,0.967,1.0,alta,1,55.65,,,,,
COMP_0263,63.04,63.9,ESTABLE,DETERIORANDO,38.99,1,critica,1,2025-03,1,2025-03,caida_estructural,22.39,1.63,-20.27,liquidez -14.4; cobro_clientes -5.1,-20.26,0.0,GROUP_0250,22,22,7.507,0.967,1.0,alta,1,40.61,0.0,1.0,,2.0,
COMP_0706,63.04,63.9,ESTABLE,MEJORANDO,63.26,1,vigilancia,0,2025-03,1,2025-03,bache,17.42,1.36,-1.87,colchon -3.1; trayectoria +1.2,-1.87,0.0,GROUP_0212,22,22,7.507,0.967,1.0,alta,1,81.68,0.0,1.0,,,
COMP_0196,63.03,66.0,ESTABLE,MEJORANDO,64.99,0,,0,,0,,,,,7.53,liquidez +4.1; eficiencia +3.2,7.54,0.0,GROUP_0199,6,6,2.182,0.88,0.88,media,1,67.3,,,,,
COMP_0831,63.02,63.89,ESTABLE,ESTABLE,46.1,1,vigilancia,0,2024-12,1,2025-03,bache,31.32,1.72,3.91,"deuda_comercial +14.9; colchon +2.9 (cambio dominado por datos nuevos, no por comportamiento)",8.37,9.56,GROUP_0250,22,22,7.416,0.961,0.977,alta,1,70.65,1.0,1.0,11.0,4.0,7.0
COMP_0770,63.01,63.93,ESTABLE,MEJORANDO,76.26,1,vigilancia,0,2025-03,1,2025-03,caida_estructural,15.68,1.28,6.28,eficiencia +3.4; colchon +2.2,6.28,0.0,GROUP_0082,22,22,7.033,0.959,1.0,alta,1,83.93,,,,,
COMP_1220,63.0,64.56,ESTABLE,MEJORANDO,61.94,1,vigilancia,0,2025-11,1,2026-02,bache,15.62,1.32,-4.07,colchon -4.5,-4.09,0.0,GROUP_0169,11,11,4.15,0.935,1.0,media,1,71.38,,,,,
COMP_1052,62.99,64.01,ESTABLE,ESTABLE,45.93,1,vigilancia,0,2025-09,1,2025-09,bache,30.05,1.61,-10.88,deuda_comercial -5.4; liquidez -4.1,-10.87,0.0,GROUP_0222,18,18,6.27,0.96,1.0,alta,1,49.64,,,,,
COMP_0213,62.98,64.77,ESTABLE,DETERIORANDO,32.47,1,vigilancia,1,2026-06,1,2026-06,bache,20.31,2.05,5.74,eficiencia +3.8; trayectoria +2.0,5.72,0.0,GROUP_0170,10,10,3.579,0.928,1.0,media,1,56.34,,,,,
COMP_0186,62.92,63.8,ESTABLE,ESTABLE,45.41,1,critica,1,2026-08,0,,,,,-20.71,liquidez -14.4; trayectoria -3.4,-19.12,0.0,GROUP_0142,21,21,7.248,0.966,1.0,alta,1,41.11,,,,,
COMP_0597,62.85,64.99,ESTABLE,DETERIORANDO,39.7,1,vigilancia,0,2026-05,1,2026-05,bache,23.37,1.72,-0.57,colchon -1.8; trayectoria +1.7,-0.56,0.0,GROUP_0029,8,8,2.961,0.91,0.97,media,1,65.96,,,,,
COMP_1017,62.85,64.09,ESTABLE,ESTABLE,52.63,1,vigilancia,0,2025-09,1,2026-01,bache,19.97,1.68,7.54,eficiencia -12.3; liquidez +9.9,7.56,0.0,GROUP_0108,15,15,5.114,0.952,1.0,alta,1,78.4,,,,,
COMP_1082,62.85,63.71,ESTABLE,ESTABLE,49.09,1,vigilancia,1,2025-06,1,2026-08,bache,31.33,1.69,0.95,colchon +1.2,0.95,0.0,GROUP_0142,22,22,7.321,0.967,1.0,alta,1,47.97,,,,,
COMP_0465,62.83,64.47,ESTABLE,ESTABLE,48.28,1,vigilancia,0,2026-06,1,2026-06,caida_estructural,18.6,2.01,-17.54,deuda_comercial -5.4; colchon -4.2,-15.95,0.0,GROUP_0246,8,8,3.853,0.978,1.0,media,1,44.29,,,,,
COMP_0212,62.8,65.68,ESTABLE,ESTABLE,54.52,0,,0,,0,,,,,-3.05,colchon -2.0; trayectoria -1.1,-3.06,0.0,GROUP_0199,6,6,2.182,0.88,0.88,media,1,74.31,,,,,
COMP_0252,62.79,65.67,ESTABLE,MEJORANDO,61.7,1,vigilancia,1,2026-08,1,2026-08,bache,6.64,2.12,-7.58,colchon -2.1; trayectoria -1.5,-3.56,0.0,GROUP_0179,6,6,2.182,0.88,0.88,media,1,61.66,,,,,
COMP_1027,62.75,63.68,ESTABLE,ESTABLE,50.08,1,critica,0,2025-04,0,,,,,2.47,liquidez +2.7; trayectoria -2.0,0.86,0.0,GROUP_0095,18,18,6.738,0.96,1.0,alta,1,77.48,1.0,1.0,7.0,,7.0
COMP_0522,62.7,63.53,ESTABLE,DETERIORANDO,38.58,1,vigilancia,1,2025-09,1,2025-09,caida_estructural,11.04,1.25,-16.31,liquidez -8.3; colchon -4.1,-16.34,0.0,GROUP_0066,22,22,7.507,0.967,1.0,alta,1,54.06,,,,,
COMP_0388,62.69,63.52,ESTABLE,ESTABLE,56.8,1,vigilancia,1,2026-02,1,2026-02,bache,17.08,1.25,29.14,liquidez +17.1; colchon +7.0,29.14,0.0,GROUP_0187,22,22,7.507,0.967,1.0,alta,1,77.66,,,,,
COMP_0841,62.68,63.51,ESTABLE,MEJORANDO,68.64,1,vigilancia,0,2025-06,1,2025-06,bache,19.41,1.29,-5.8,eficiencia -3.4; liquidez -2.7,-5.81,0.0,GROUP_0005,22,22,7.507,0.967,1.0,alta,1,77.08,0.0,1.0,,,
COMP_0759,62.67,63.56,ESTABLE,ESTABLE,49.86,1,vigilancia,0,2026-02,1,2026-02,bache,13.66,1.89,4.54,deuda_comercial +3.3; cobro_clientes +2.4,4.53,0.0,GROUP_0094,19,19,6.957,0.953,1.0,alta,1,70.52,,,,,
COMP_0969,62.67,63.49,ESTABLE,ESTABLE,53.2,1,vigilancia,0,2025-03,1,2025-03,bache,18.75,1.76,-11.54,liquidez -3.1; trayectoria -2.4,-7.52,0.0,GROUP_0158,22,22,7.507,0.967,1.0,alta,1,49.95,,,,,
COMP_0322,62.65,63.54,ESTABLE,MEJORANDO,69.24,1,vigilancia,0,2025-11,1,2025-11,bache,41.04,2.23,-20.93,liquidez -14.0; colchon -6.7,-20.93,0.0,GROUP_0108,20,20,6.919,0.964,1.0,alta,1,69.33,0.0,1.0,,,
COMP_0529,62.53,64.97,ESTABLE,ESTABLE,44.36,0,,0,,0,,,,,14.79,liquidez +11.3; eficiencia +3.4,14.79,0.0,GROUP_0095,8,8,2.497,0.92,0.953,media,1,72.14,,,,,
COMP_0176,62.52,63.33,ESTABLE,DETERIORANDO,35.6,1,vigilancia,1,2025-05,1,2025-05,bache,22.65,1.38,1.17,colchon +1.8; trayectoria +1.0,2.77,0.0,GROUP_0225,22,22,7.507,0.967,1.0,alta,1,58.38,,,,,
COMP_0701,62.46,63.72,ESTABLE,ESTABLE,43.33,1,vigilancia,1,2026-02,1,2026-02,bache,20.87,1.34,-0.37,,-0.36,0.0,GROUP_0211,13,13,4.801,0.945,1.0,alta,1,50.25,,,,,
COMP_0102,62.41,63.23,ESTABLE,ESTABLE,55.43,1,vigilancia,0,2026-05,1,2026-05,bache,11.3,1.3,20.24,colchon +9.8; liquidez +5.8,20.23,0.0,GROUP_0158,21,21,7.346,0.966,1.0,alta,1,90.56,,,,,
COMP_1005,62.34,63.35,ESTABLE,ESTABLE,56.0,1,vigilancia,0,2025-07,0,,,,,-1.6,colchon -1.6,-1.6,0.0,GROUP_0172,15,15,5.877,0.952,1.0,alta,1,65.53,1.0,1.0,3.0,,3.0
COMP_0838,62.3,63.09,ESTABLE,DETERIORANDO,33.99,1,critica,1,2025-03,1,2025-03,caida_estructural,22.05,1.55,-25.15,liquidez -14.4; cobro_clientes -6.5,-25.13,0.0,GROUP_0250,22,22,7.507,0.967,1.0,alta,1,35.74,0.0,1.0,,2.0,
COMP_0839,62.3,63.09,ESTABLE,DETERIORANDO,33.98,1,critica,1,2025-03,1,2025-03,caida_estructural,22.0,1.56,-25.21,liquidez -14.4; cobro_clientes -6.5,-25.21,0.0,GROUP_0250,22,22,7.507,0.967,1.0,alta,1,35.72,0.0,1.0,,2.0,
COMP_1281,62.3,63.31,ESTABLE,ESTABLE,56.22,1,vigilancia,1,2025-09,1,2026-03,bache,19.4,1.46,-0.74,cobro_clientes -4.1; trayectoria +2.8,-0.74,0.0,GROUP_0218,15,15,5.877,0.952,1.0,alta,1,54.41,,,,,
COMP_0309,62.27,63.06,ESTABLE,DETERIORANDO,33.99,1,critica,1,2025-03,1,2025-03,caida_estructural,22.05,1.56,-25.15,liquidez -14.4; cobro_clientes -6.5,-25.13,0.0,GROUP_0250,22,22,7.507,0.967,1.0,alta,1,35.75,0.0,1.0,,2.0,
COMP_0014,62.24,63.41,ESTABLE,DETERIORANDO,41.71,1,vigilancia,0,2026-02,0,,,,,-4.86,colchon -1.5; trayectoria +0.5,-0.87,0.0,GROUP_0173,8,8,5.022,1.0,1.0,media,1,57.29,0.0,1.0,,,
COMP_1241,62.21,62.99,ESTABLE,DETERIORANDO,33.99,1,critica,1,2025-04,1,2026-01,caida_estructural,23.35,1.27,-25.16,liquidez -14.4; cobro_clientes -6.5,-25.15,0.0,GROUP_0250,22,22,7.507,0.967,1.0,alta,1,35.72,0.0,1.0,,9.0,
COMP_0538,62.13,62.9,ESTABLE,ESTABLE,52.02,1,vigilancia,0,2024-12,1,2025-06,caida_estructural,11.4,1.87,-5.55,colchon -2.2; trayectoria +0.6,-1.53,0.0,GROUP_0065,22,22,7.507,0.967,1.0,alta,1,73.57,,,,,
COMP_0840,62.1,63.86,ESTABLE,ESTABLE,51.76,1,vigilancia,0,2025-05,1,2025-05,bache,36.43,1.82,,,,,GROUP_0248,9,9,3.288,0.92,1.0,media,1,61.99,0.0,1.0,,,
COMP_1135,61.99,62.83,ESTABLE,DETERIORANDO,32.91,1,vigilancia,0,2025-10,1,2025-10,bache,37.67,2.36,9.62,liquidez +7.2; eficiencia +3.4,9.64,0.0,GROUP_0081,18,18,6.738,0.96,1.0,alta,1,62.57,0.0,1.0,,,
COMP_1275,61.92,62.75,ESTABLE,ESTABLE,46.01,1,critica,1,2026-01,1,2026-01,bache,11.93,1.43,-2.92,trayectoria -4.3; colchon +1.4,-2.92,0.0,GROUP_0067,18,18,6.738,0.96,1.0,alta,1,41.81,,,,,
COMP_1129,61.88,64.45,ESTABLE,DETERIORANDO,35.56,1,vigilancia,1,2026-07,1,2026-07,bache,19.72,1.75,3.14,trayectoria +3.4,3.14,0.0,GROUP_0024,6,6,2.182,0.88,0.88,media,1,64.68,,,,,
COMP_0157,61.87,62.88,ESTABLE,ESTABLE,47.19,0,,0,,0,,,,,-2.32,trayectoria -1.3; eficiencia -1.0,-2.33,0.0,GROUP_0146,14,14,5.517,0.949,1.0,alta,1,69.2,,,,,
COMP_0980,61.85,62.66,ESTABLE,DETERIORANDO,21.38,1,vigilancia,0,2025-09,1,2025-09,bache,23.51,1.54,,,,,GROUP_0118,17,17,6.833,0.958,1.0,alta,1,47.47,,,,,
COMP_0210,61.82,63.38,ESTABLE,ESTABLE,42.65,1,critica,0,2026-01,0,,,,,-4.03,eficiencia -2.0; colchon +1.8,-2.43,0.0,GROUP_0117,10,10,3.579,0.928,1.0,media,1,69.56,0.0,1.0,,1.0,
COMP_1030,61.82,62.82,ESTABLE,ESTABLE,44.73,1,vigilancia,0,2025-11,1,2025-12,bache,32.83,1.77,-39.22,liquidez -17.1; eficiencia -12.3,-39.23,0.0,GROUP_0108,15,15,5.582,0.952,1.0,alta,1,51.26,,,,,
COMP_1112,61.81,62.89,ESTABLE,ESTABLE,53.82,1,vigilancia,0,2025-09,1,2026-05,bache,20.04,1.41,-4.34,eficiencia -4.2; trayectoria -1.2,-4.33,0.0,GROUP_0170,13,13,5.113,0.945,1.0,alta,1,66.39,,,,,
COMP_1154,61.79,62.94,ESTABLE,ESTABLE,44.83,1,vigilancia,0,2025-11,0,,,,,3.63,colchon +3.6,3.64,0.0,GROUP_0023,13,13,4.805,0.92,1.0,alta,1,58.98,,,,,
COMP_1095,61.78,62.6,ESTABLE,MEJORANDO,58.91,1,vigilancia,1,2025-07,1,2025-07,caida_estructural,10.31,1.3,-4.21,deuda_comercial -3.1; colchon -1.3,-4.21,0.0,GROUP_0118,18,18,6.729,0.95,1.0,alta,1,58.81,1.0,1.0,1.0,,1.0
COMP_1147,61.77,62.59,ESTABLE,DETERIORANDO,40.83,1,vigilancia,1,2025-07,1,2025-09,bache,22.69,1.43,-1.01,colchon -2.0; cobro_clientes +1.0,-1.0,0.0,GROUP_0181,18,18,6.738,0.96,1.0,alta,1,48.23,0.0,1.0,,2.0,
COMP_1097,61.72,64.23,ESTABLE,ESTABLE,52.26,0,,0,,0,,,,,15.14,trayectoria +6.9; liquidez +5.8,15.15,0.0,GROUP_0044,6,6,2.182,0.88,0.88,media,1,63.28,,,,,
COMP_1131,61.69,64.2,ESTABLE,MEJORANDO,63.72,0,,0,,0,,,,,-7.51,trayectoria -3.7; liquidez -3.1,-7.51,0.0,GROUP_0143,6,6,2.182,0.88,0.88,media,1,57.59,,,,,
COMP_0177,61.65,63.19,ESTABLE,ESTABLE,42.58,1,vigilancia,0,2026-05,1,2026-05,bache,39.76,2.03,-19.18,liquidez -14.4; eficiencia -3.8,-19.19,0.0,GROUP_0185,11,11,3.546,0.967,1.0,media,1,49.69,1.0,1.0,1.0,,1.0
COMP_0004,61.61,62.73,ESTABLE,DETERIORANDO,33.7,1,vigilancia,1,2026-07,1,2026-07,bache,31.5,2.0,-2.31,colchon -4.1; trayectoria +1.8,-2.32,0.0,GROUP_0058,9,9,4.863,0.98,1.0,media,1,50.48,,,,,
COMP_1248,61.57,62.44,ESTABLE,ESTABLE,52.5,1,vigilancia,0,2025-09,1,2025-09,bache,20.32,1.42,-13.03,liquidez -7.2; eficiencia -3.8,-13.03,0.0,GROUP_0066,16,16,6.197,0.955,1.0,alta,1,53.21,,,,,
COMP_0448,61.5,62.21,ESTABLE,MEJORANDO,60.02,1,vigilancia,0,2025-03,1,2025-03,bache,19.59,1.33,-2.62,colchon -1.9; trayectoria -0.7,-2.61,0.0,GROUP_0158,22,22,7.507,0.967,1.0,alta,1,65.43,0.0,1.0,,,
COMP_0530,61.5,62.21,ESTABLE,ESTABLE,56.35,1,vigilancia,0,2026-01,1,2026-01,bache,31.59,2.19,20.77,liquidez +11.3; colchon +4.4,20.77,0.0,GROUP_0017,22,22,7.501,0.959,1.0,alta,1,74.25,0.0,1.0,,,
COMP_0622,61.5,63.94,ESTABLE,DETERIORANDO,38.16,0,,0,,0,,,,,,,,,GROUP_0130,6,6,2.182,0.88,0.88,media,1,59.33,,,,,
COMP_0664,61.46,63.05,ESTABLE,ESTABLE,46.4,1,vigilancia,0,2026-06,1,2026-06,bache,24.64,1.59,-15.16,liquidez -7.2; eficiencia -3.8,-13.58,0.0,GROUP_0058,9,9,3.336,0.96,1.0,media,1,43.82,,,,,
COMP_0385,61.45,62.48,ESTABLE,ESTABLE,54.75,1,vigilancia,0,2026-04,1,2026-04,bache,15.64,2.53,-6.45,liquidez -3.1; trayectoria -1.7,-6.44,0.0,GROUP_0145,13,13,5.113,0.945,1.0,alta,1,56.01,,,,,
COMP_0511,61.36,62.05,ESTABLE,MEJORANDO,58.06,1,vigilancia,0,2025-08,1,2025-08,bache,19.59,1.85,-1.48,trayectoria -1.3,-1.49,0.0,GROUP_0202,22,22,7.507,0.967,1.0,alta,1,66.16,,,,,
COMP_0260,61.34,62.8,ESTABLE,ESTABLE,56.13,1,vigilancia,0,2026-03,1,2026-03,bache,12.69,1.68,4.94,eficiencia +3.4; colchon +1.5,4.94,0.0,GROUP_0087,10,10,3.558,0.91,1.0,media,1,62.77,,,,,
COMP_0347,61.27,62.71,ESTABLE,MEJORANDO,67.2,1,vigilancia,0,2025-12,0,,,,,3.9,colchon +5.0; trayectoria -0.9,3.9,0.0,GROUP_0117,10,10,3.579,0.928,1.0,media,1,82.45,,,,,
COMP_0587,61.27,62.03,ESTABLE,DETERIORANDO,40.83,1,vigilancia,0,2026-02,1,2026-02,bache,18.23,1.43,-3.89,liquidez -3.1; colchon -1.4,-3.89,0.0,GROUP_0108,18,18,6.738,0.96,1.0,alta,1,53.48,,,,,
COMP_1043,61.23,62.79,ESTABLE,ESTABLE,53.17,0,,0,,0,,,,,-4.7,trayectoria -2.4; colchon -1.9,-4.7,0.0,GROUP_0047,9,9,3.264,0.9,1.0,media,1,53.94,,,,,
COMP_1146,61.19,63.15,ESTABLE,ESTABLE,50.58,1,vigilancia,1,2026-06,1,2026-06,bache,19.93,1.52,18.89,liquidez +11.3; eficiencia +7.1,18.88,0.0,GROUP_0032,7,7,2.594,0.897,0.94,media,1,74.23,,,,,
COMP_1133,61.15,61.83,ESTABLE,ESTABLE,44.75,1,vigilancia,0,2025-04,1,2025-04,bache,13.89,1.46,-9.26,eficiencia -3.8; liquidez -3.1,-7.65,0.0,GROUP_0086,21,21,7.346,0.966,1.0,alta,1,50.76,0.0,1.0,,,
COMP_0333,61.14,61.89,ESTABLE,DETERIORANDO,36.34,1,vigilancia,1,2025-08,1,2025-08,bache,31.78,1.85,26.66,eficiencia +13.3; colchon +3.4,24.26,0.0,GROUP_0217,19,19,6.708,0.953,1.0,alta,1,59.95,,,,,
COMP_0984,61.09,61.81,ESTABLE,ESTABLE,50.37,1,vigilancia,0,2025-04,1,2025-04,caida_estructural,12.52,1.34,-10.91,colchon -11.5; deuda_comercial +3.0,-10.91,0.0,GROUP_0218,22,22,6.917,0.967,1.0,alta,1,79.14,,,,,
COMP_0828,61.06,61.72,ESTABLE,MEJORANDO,63.89,1,vigilancia,0,2025-03,1,2025-03,caida_estructural,14.61,1.65,4.07,liquidez +2.7; trayectoria +1.1,4.08,0.0,GROUP_0016,22,22,7.507,0.967,1.0,alta,1,77.85,,,,,
COMP_0121,61.01,61.69,ESTABLE,ESTABLE,55.55,1,vigilancia,0,2025-07,1,2025-07,bache,23.03,2.07,-1.91,colchon -5.1; trayectoria +3.2,-1.89,0.0,GROUP_0158,21,21,7.346,0.966,1.0,alta,1,50.65,,,,,
COMP_0180,61.01,61.67,ESTABLE,MEJORANDO,67.94,1,critica,0,2025-05,0,,,,,-4.42,eficiencia -2.0; trayectoria -1.3,-4.4,0.0,GROUP_0055,22,22,7.507,0.967,1.0,alta,1,62.2,,,,,
COMP_1024,61.01,61.72,ESTABLE,ESTABLE,55.02,1,critica,0,2025-11,0,,,,,-0.33,deuda_comercial -3.7; trayectoria +2.0,-0.33,0.0,GROUP_0226,19,19,6.973,0.972,1.0,alta,1,74.9,0.0,1.0,,,
COMP_1168,60.96,61.61,ESTABLE,ESTABLE,55.19,1,vigilancia,0,2026-02,1,2026-02,bache,13.44,1.6,-7.64,trayectoria -4.0; cobro_clientes -2.4,-7.63,0.0,GROUP_0037,22,22,7.507,0.967,1.0,alta,1,57.68,0.0,1.0,,,
COMP_1015,60.94,61.62,ESTABLE,DETERIORANDO,40.45,1,vigilancia,0,2025-12,1,2025-12,bache,39.43,2.63,-20.96,colchon -13.0; eficiencia -4.2,-20.98,0.0,GROUP_0132,20,20,7.166,0.964,1.0,alta,1,49.15,,,,,
COMP_0109,60.91,61.79,ESTABLE,ESTABLE,49.12,1,vigilancia,0,2025-11,1,2025-11,bache,19.24,1.85,-4.99,liquidez -4.1; trayectoria -1.8,-4.99,0.0,GROUP_0170,14,14,5.517,0.949,1.0,alta,1,58.84,,,,,
COMP_1022,60.9,61.55,ESTABLE,DETERIORANDO,23.09,1,vigilancia,1,2024-12,1,2025-12,bache,43.33,1.99,-0.95,trayectoria -0.9,-0.94,0.0,GROUP_0126,22,22,7.507,0.967,1.0,alta,1,67.28,1.0,2.0,6.0,11.0,-5.0
COMP_0237,60.87,62.76,ESTABLE,ESTABLE,56.35,1,nivel_bajo,0,2026-02,0,,,,,-31.69,deuda_comercial -18.3; trayectoria -4.8,-31.7,0.0,GROUP_0044,7,7,2.563,0.871,0.91,media,1,51.22,,,,,
COMP_0914,60.87,61.62,ESTABLE,ESTABLE,50.46,1,nivel_bajo,0,2025-08,1,2025-08,bache,20.77,1.34,-18.44,liquidez -11.3; colchon -5.2,-18.43,0.0,GROUP_0244,17,17,6.483,0.958,1.0,alta,1,46.83,,,,,
COMP_0918,60.83,62.3,ESTABLE,ESTABLE,56.01,1,vigilancia,0,2026-04,1,2026-04,bache,21.01,1.93,3.97,liquidez +4.1,3.98,0.0,GROUP_0179,9,9,3.288,0.92,1.0,media,1,68.88,,,,,
COMP_1041,60.82,63.03,ESTABLE,MEJORANDO,59.92,0,,0,,0,,,,,-10.68,colchon -13.5; trayectoria +2.8,-10.67,0.0,GROUP_0007,6,6,2.182,0.88,0.88,media,1,56.41,,,,,
COMP_0199,60.81,62.15,ESTABLE,ESTABLE,49.75,1,vigilancia,0,2026-03,1,2026-03,bache,18.33,1.25,10.77,liquidez +4.1; colchon +3.7,10.76,0.0,GROUP_0179,10,10,3.579,0.928,1.0,media,1,73.56,,,,,
COMP_0606,60.8,62.12,ESTABLE,DETERIORANDO,33.05,1,nivel_bajo,0,2025-08,0,,,,,,,,,GROUP_0083,12,12,3.64,0.863,0.877,alta,1,33.21,0.0,1.0,,11.0,
COMP_1239,60.77,61.41,ESTABLE,DETERIORANDO,35.18,1,critica,1,2025-03,1,2025-03,caida_estructural,22.33,1.63,-8.82,liquidez -7.2; cobro_clientes -5.1,-8.82,0.0,GROUP_0250,22,22,7.507,0.967,1.0,alta,1,34.35,0.0,1.0,,2.0,
COMP_0591,60.75,62.04,ESTABLE,ESTABLE,49.84,0,,0,,0,,,,,-4.88,eficiencia -3.2; colchon -1.4,-4.88,0.0,GROUP_0185,11,11,3.685,0.935,1.0,media,1,48.71,,,,,
COMP_0357,60.68,61.31,ESTABLE,ESTABLE,57.05,1,vigilancia,0,2025-05,1,2025-05,caida_estructural,11.74,1.42,22.4,liquidez +9.9; trayectoria +5.3,22.38,0.0,GROUP_0036,22,22,7.507,0.967,1.0,alta,1,73.86,,,,,
COMP_0459,60.62,61.93,ESTABLE,ESTABLE,51.84,1,vigilancia,0,2026-03,1,2026-03,bache,17.54,1.26,-2.84,trayectoria -2.8,-2.83,0.0,GROUP_0051,10,10,3.579,0.928,1.0,media,1,52.33,,,,,
COMP_0992,60.59,61.84,ESTABLE,ESTABLE,49.17,1,vigilancia,0,2026-06,1,2026-06,bache,18.22,1.31,-10.16,liquidez -4.1; eficiencia -3.4,-10.16,0.0,GROUP_0185,11,11,3.721,0.967,1.0,media,1,58.23,,,,,
COMP_0982,60.56,61.24,ESTABLE,ESTABLE,51.39,1,vigilancia,0,2026-04,1,2026-04,caida_estructural,10.51,1.56,-6.02,liquidez +4.1; trayectoria -4.1,-2.02,0.0,GROUP_0207,18,18,6.738,0.96,1.0,alta,1,56.88,,,,,
COMP_1178,60.56,61.17,ESTABLE,DETERIORANDO,41.64,1,vigilancia,0,2025-03,1,2025-03,bache,16.9,1.53,1.22,trayectoria +2.5; colchon -1.4,1.22,0.0,GROUP_0159,22,22,7.507,0.967,1.0,alta,1,59.48,0.0,1.0,,,
COMP_0815,60.51,61.12,ESTABLE,DETERIORANDO,35.18,1,critica,1,2025-11,1,2026-01,caida_estructural,22.37,1.6,-8.75,liquidez -7.2; cobro_clientes -5.0,-8.74,0.0,GROUP_0250,22,22,7.507,0.967,1.0,alta,1,33.51,0.0,1.0,,2.0,
COMP_0560,60.42,61.12,ESTABLE,DETERIORANDO,40.81,1,vigilancia,0,2025-05,1,2026-05,bache,31.4,2.13,4.93,trayectoria +3.8; colchon +1.1,4.95,0.0,GROUP_0097,18,18,6.521,0.95,1.0,alta,1,47.3,1.0,1.0,2.0,,2.0
COMP_0595,60.31,60.92,ESTABLE,MEJORANDO,59.32,1,vigilancia,0,2025-10,1,2025-10,bache,29.31,2.36,-16.62,eficiencia -11.3; colchon -3.1,-16.6,0.0,GROUP_0065,21,21,7.346,0.966,1.0,alta,1,68.18,0.0,1.0,,,
COMP_0916,60.26,61.23,ESTABLE,ESTABLE,46.66,1,vigilancia,0,2025-08,1,2025-08,bache,24.58,1.8,,,,,GROUP_0150,11,11,4.5,0.935,1.0,media,1,50.38,,,,,
COMP_1218,60.24,62.25,ESTABLE,DETERIORANDO,40.05,0,,0,,0,,,,,-5.25,trayectoria -3.2; liquidez -2.7,-5.26,0.0,GROUP_0084,6,6,2.182,0.88,0.88,media,1,58.06,0.0,1.0,,,
COMP_0545,60.22,60.8,ESTABLE,DETERIORANDO,39.94,1,nivel_bajo,1,2026-07,1,2026-07,caida_estructural,11.37,1.5,-38.69,colchon -14.6; liquidez -14.4,-38.69,0.0,GROUP_0015,22,22,7.507,0.967,1.0,alta,1,21.58,,,,,
COMP_0380,60.21,61.34,ESTABLE,ESTABLE,50.0,1,vigilancia,0,2025-11,1,2025-11,bache,9.74,1.28,,,,,GROUP_0059,14,14,3.875,0.853,0.793,media,1,57.28,,,,,
COMP_0739,60.18,60.75,ESTABLE,DETERIORANDO,33.79,1,vigilancia,1,2025-03,1,2025-03,bache,24.39,1.96,3.9,colchon +4.1,3.89,0.0,GROUP_0187,22,22,7.507,0.967,1.0,alta,1,48.33,0.0,1.0,,,
COMP_0251,60.14,61.34,ESTABLE,DETERIORANDO,36.38,0,,0,,0,,,,,7.72,liquidez +7.2; colchon +0.5,7.72,0.0,GROUP_0170,10,10,3.579,0.928,1.0,media,1,68.05,,,,,
COMP_0009,60.13,60.71,ESTABLE,MEJORANDO,59.6,1,vigilancia,0,2025-03,1,2025-03,bache,39.1,2.72,-14.67,eficiencia -11.3; liquidez -4.1,-14.67,0.0,GROUP_0225,22,22,7.507,0.967,1.0,alta,1,50.88,1.0,1.0,1.0,,1.0
COMP_0977,60.13,60.85,ESTABLE,ESTABLE,46.43,0,,0,,0,,,,,9.99,colchon +4.5; eficiencia +3.4,9.99,0.0,GROUP_0080,10,10,5.929,1.0,1.0,media,1,66.01,0.0,1.0,,,
COMP_0358,60.1,61.13,ESTABLE,ESTABLE,42.85,1,vigilancia,1,2026-04,1,2026-04,bache,35.35,2.09,-0.05,colchon +1.3; eficiencia -1.0,-0.04,0.0,GROUP_0127,11,11,4.15,0.935,1.0,media,1,47.53,,,,,
COMP_0020,60.09,62.05,ESTABLE,DETERIORANDO,39.14,1,vigilancia,0,2026-04,1,2026-07,bache,16.66,1.33,15.21,liquidez +14.4; trayectoria +2.4,15.19,0.0,GROUP_0007,6,6,2.182,0.88,0.88,media,1,64.79,,,,,
COMP_0682,60.06,60.71,ESTABLE,DETERIORANDO,37.85,1,vigilancia,0,2025-08,1,2025-08,bache,33.84,1.41,-4.76,trayectoria -2.6; cobro_clientes -1.7,-4.75,0.0,GROUP_0200,17,17,6.483,0.958,1.0,alta,1,58.43,0.0,1.0,,,
COMP_0007,60.03,60.66,ESTABLE,ESTABLE,48.58,1,vigilancia,0,2026-02,1,2026-02,bache,20.17,1.93,-5.66,colchon -3.6; trayectoria -2.1,-5.65,0.0,GROUP_0064,18,18,6.738,0.96,1.0,alta,1,48.55,,,,,
COMP_0192,60.02,60.94,ESTABLE,ESTABLE,49.2,1,nivel_bajo,0,2026-01,0,,,,,-17.8,liquidez -17.1; eficiencia -3.4,-17.79,0.0,GROUP_0048,8,8,4.54,0.955,1.0,media,1,51.94,,,,,
COMP_0751,59.97,60.55,ESTABLE,ESTABLE,52.32,1,critica,1,2025-01,1,2026-03,bache,27.68,2.11,-37.74,liquidez -17.1; eficiencia -10.4,-37.74,0.0,GROUP_0142,21,21,7.248,0.966,1.0,alta,1,39.27,,,,,
COMP_0539,59.95,60.51,ESTABLE,MEJORANDO,60.81,1,vigilancia,0,2025-01,1,2025-08,bache,23.4,1.61,-13.18,eficiencia -13.3; colchon +6.3,-13.19,0.0,GROUP_0187,21,21,7.346,0.966,1.0,alta,1,64.8,,,,,
COMP_0247,59.84,60.4,ESTABLE,ESTABLE,53.98,1,vigilancia,0,2024-12,1,2026-05,bache,27.1,1.94,-9.74,eficiencia -10.4; trayectoria +1.9,-9.73,0.0,GROUP_0218,21,21,7.34,0.957,1.0,alta,1,69.22,0.0,1.0,,1.0,
COMP_0264,59.72,60.25,ESTABLE,DETERIORANDO,34.93,1,vigilancia,1,2025-02,1,2026-08,bache,21.43,2.05,1.13,trayectoria +1.7; colchon -0.6,1.13,0.0,GROUP_0066,22,22,7.507,0.967,1.0,alta,1,45.69,0.0,1.0,,,
COMP_0926,59.72,60.26,ESTABLE,ESTABLE,44.78,1,vigilancia,0,2025-03,1,2025-11,caida_estructural,18.45,1.46,-6.27,deuda_comercial -4.9; colchon +4.0,-6.25,0.0,GROUP_0217,19,19,7.277,0.972,1.0,alta,1,44.33,0.0,1.0,,,
COMP_1105,59.71,60.25,ESTABLE,ESTABLE,56.05,1,critica,0,2025-10,1,2025-10,bache,32.46,2.29,-4.9,trayectoria -4.6; cobro_clientes +2.9,-4.91,0.0,GROUP_0094,21,21,7.478,0.966,1.0,alta,1,63.0,,,,,
COMP_0125,59.61,60.13,ESTABLE,DETERIORANDO,36.22,1,critica,1,2025-03,1,2025-03,bache,27.27,1.6,-22.92,liquidez -14.4; deuda_comercial -7.9,-22.93,0.0,GROUP_0250,22,22,7.507,0.967,1.0,alta,1,37.11,1.0,1.0,8.0,9.0,-1.0
COMP_0559,59.61,60.19,ESTABLE,DETERIORANDO,33.93,1,vigilancia,0,2025-06,1,2026-02,bache,22.22,1.79,-14.86,deuda_comercial -13.4; trayectoria -1.1,-14.86,0.0,GROUP_0188,16,16,6.636,1.0,1.0,alta,1,53.18,1.0,1.0,1.0,,1.0
COMP_0473,59.53,60.58,ESTABLE,ESTABLE,49.88,1,vigilancia,0,2026-01,1,2026-06,bache,25.8,2.19,-16.66,colchon -6.2; eficiencia -3.8,-16.65,0.0,GROUP_0185,11,11,3.664,0.918,1.0,media,1,47.47,,,,,
COMP_0284,59.52,60.21,ESTABLE,ESTABLE,57.43,1,vigilancia,0,2025-07,1,2026-06,bache,36.49,1.73,-7.5,colchon -8.4; trayectoria +2.8,-7.48,0.0,GROUP_0163,14,14,5.56,0.909,1.0,alta,1,81.11,0.0,1.0,,,
COMP_0826,59.5,60.01,ESTABLE,DETERIORANDO,34.82,1,critica,1,2025-03,1,2025-03,caida_estructural,22.37,1.64,-6.92,liquidez -7.2; cobro_clientes -3.4,-6.9,0.0,GROUP_0250,22,22,7.507,0.967,1.0,alta,1,32.14,0.0,1.0,,2.0,
COMP_0446,59.45,60.73,ESTABLE,MEJORANDO,63.56,1,vigilancia,0,2026-05,1,2026-05,bache,19.49,1.41,-0.92,colchon -3.5; trayectoria +2.6,-0.94,0.0,GROUP_0182,8,8,2.961,0.91,0.97,media,1,61.42,,,,,
COMP_0881,59.43,60.04,ESTABLE,ESTABLE,57.31,1,vigilancia,0,2025-05,1,2025-11,bache,6.27,1.6,5.04,eficiencia +3.2; liquidez +3.1,5.04,0.0,GROUP_0071,16,16,6.197,0.955,1.0,alta,1,61.34,1.0,1.0,3.0,4.0,-1.0
COMP_0172,59.37,59.87,ESTABLE,ESTABLE,50.29,1,vigilancia,0,2025-04,1,2025-04,bache,27.37,1.8,10.53,liquidez +11.3; colchon -0.8,10.53,0.0,GROUP_0212,22,22,7.507,0.967,1.0,alta,1,61.4,0.0,1.0,,,
COMP_0802,59.3,60.33,ESTABLE,DETERIORANDO,40.37,1,vigilancia,0,2026-03,1,2026-03,bache,11.8,1.28,-9.76,colchon -14.2; deuda_comercial +3.4,-9.76,0.0,GROUP_0117,10,10,3.579,0.928,1.0,media,1,46.93,,,,,
COMP_0694,59.2,59.68,ESTABLE,ESTABLE,48.53,1,critica,1,2024-12,1,2025-06,bache,29.57,2.11,-20.19,liquidez -8.3; eficiencia -7.1,-20.19,0.0,GROUP_0162,22,22,7.507,0.967,1.0,alta,1,37.78,0.0,1.0,,,
COMP_0107,59.09,59.55,ESTABLE,MEJORANDO,67.24,1,vigilancia,0,2024-12,1,2026-01,bache,23.75,1.58,-10.01,deuda_comercial -9.0; colchon -1.0,-9.99,0.0,GROUP_0094,22,22,7.507,0.967,1.0,alta,1,68.07,0.0,1.0,,2.0,
COMP_0290,59.04,59.57,ESTABLE,DETERIORANDO,37.87,1,nivel_bajo,1,2026-06,0,,,,,-3.53,cobro_clientes -5.7; eficiencia +3.2,-3.53,0.0,GROUP_0053,14,14,6.444,0.974,1.0,alta,1,29.79,0.0,1.0,,2.0,
COMP_0562,58.9,59.35,ESTABLE,MEJORANDO,69.42,1,vigilancia,0,2024-11,1,2025-10,bache,22.45,1.3,0.44,deuda_comercial +2.9; trayectoria -2.1,0.45,0.0,GROUP_0218,22,22,7.507,0.967,1.0,alta,1,59.32,,,,,
COMP_0035,58.88,59.32,ESTABLE,ESTABLE,43.81,1,vigilancia,0,2025-02,1,2026-07,bache,12.09,1.68,-11.53,eficiencia -13.3; colchon +1.6,-11.52,0.0,GROUP_0115,21,21,7.478,0.966,1.0,alta,1,78.82,,,,,
COMP_0259,58.86,59.5,ESTABLE,DETERIORANDO,26.86,1,critica,0,2025-12,0,,,,,,,,,GROUP_0198,14,14,5.205,0.949,1.0,alta,1,32.16,,,,,
COMP_0892,58.86,59.31,ESTABLE,MEJORANDO,68.77,1,critica,0,2024-12,1,2025-05,bache,14.23,1.39,4.67,colchon +3.5; trayectoria +1.2,4.66,0.0,GROUP_0142,21,21,7.346,0.966,1.0,alta,1,76.47,0.0,1.0,,6.0,
COMP_1102,58.85,59.78,ESTABLE,MEJORANDO,69.68,1,critica,0,2026-02,0,,,,,2.94,colchon +3.0,2.93,0.0,GROUP_0087,10,10,3.579,0.928,1.0,media,1,79.47,1.0,1.0,1.0,,1.0
COMP_0395,58.82,59.26,ESTABLE,ESTABLE,46.41,1,critica,1,2025-03,1,2025-03,bache,18.82,1.67,-24.67,liquidez -14.4; trayectoria -4.6,-24.66,0.0,GROUP_0112,22,22,7.507,0.967,1.0,alta,1,40.33,,,,,
COMP_0686,58.81,59.25,ESTABLE,ESTABLE,43.4,1,critica,1,2025-09,1,2025-09,caida_estructural,12.66,2.11,-17.42,colchon -5.3; liquidez -4.1,-13.41,0.0,GROUP_0139,22,22,7.507,0.967,1.0,alta,1,30.39,,,,,
COMP_0904,58.81,59.3,ESTABLE,ESTABLE,46.51,1,vigilancia,0,2025-11,1,2026-01,bache,35.83,1.69,18.96,liquidez +11.3; deuda_comercial -5.6,18.94,0.0,GROUP_0129,17,17,6.877,0.968,1.0,alta,1,69.42,,,,,
COMP_0100,58.69,59.13,ESTABLE,ESTABLE,43.86,1,nivel_bajo,0,2025-01,0,,,,,2.86,trayectoria +3.8; colchon -1.1,2.86,0.0,GROUP_0129,20,20,7.314,0.964,1.0,alta,1,56.27,,,,,
COMP_0953,58.69,59.82,ESTABLE,DETERIORANDO,39.21,1,critica,0,2026-06,0,,,,,54.57,colchon +17.5; liquidez +17.1,54.57,0.0,GROUP_0070,6,6,2.84,0.94,0.94,media,1,93.52,0.0,1.0,,,
COMP_0093,58.64,60.16,ESTABLE,ESTABLE,55.38,1,critica,1,2026-07,1,2026-07,bache,29.26,1.94,-18.04,trayectoria -7.4; colchon +1.7,-11.14,5.13,GROUP_0149,6,6,2.091,0.857,0.857,media,1,39.06,0.0,1.0,,,
COMP_0692,58.58,59.13,ESTABLE,MEJORANDO,62.73,1,vigilancia,0,2025-05,1,2025-05,bache,29.96,1.82,,,,,GROUP_0108,17,17,5.728,0.947,1.0,alta,1,53.06,,,,,
COMP_1238,58.58,59.01,ESTABLE,ESTABLE,43.78,1,vigilancia,0,2025-03,1,2026-06,bache,27.34,1.59,-11.6,liquidez -5.8; colchon -4.2,-11.59,0.0,GROUP_0142,21,21,7.248,0.966,1.0,alta,1,50.09,,,,,
COMP_0625,58.55,59.01,ESTABLE,MEJORANDO,68.41,1,vigilancia,0,2025-08,0,,,,,,,,,GROUP_0159,19,19,6.832,0.914,0.9,alta,1,89.42,,,,,
COMP_0885,58.46,58.87,ESTABLE,ESTABLE,46.64,1,vigilancia,1,2025-03,1,2025-03,bache,8.75,1.4,-0.39,colchon -1.9; trayectoria +1.5,-0.4,0.0,GROUP_0158,22,22,7.507,0.967,1.0,alta,1,55.12,,,,,
COMP_0225,58.42,58.95,ESTABLE,ESTABLE,50.07,1,vigilancia,0,2025-08,1,2026-04,bache,28.0,1.82,-1.74,deuda_comercial -3.0; cobro_clientes +2.4,-1.73,0.0,GROUP_0118,16,16,5.608,0.955,1.0,alta,1,57.01,,,,,
COMP_1197,58.42,58.83,ESTABLE,ESTABLE,48.67,1,critica,0,2025-11,1,2025-11,bache,17.65,1.52,-18.84,cobro_clientes -6.1; liquidez -5.8,-18.85,0.0,GROUP_0217,19,19,7.423,0.991,1.0,alta,1,49.6,0.0,1.0,,2.0,
COMP_1091,58.21,58.65,ESTABLE,DETERIORANDO,24.64,1,vigilancia,0,2026-07,1,2026-07,caida_estructural,13.3,1.91,-4.64,colchon -4.8,-4.64,0.0,GROUP_0103,17,17,6.483,0.958,1.0,alta,1,44.76,,,,,
COMP_0814,58.2,58.58,ESTABLE,ESTABLE,45.95,1,vigilancia,0,2025-03,1,2025-03,bache,31.85,1.5,5.87,liquidez +3.1; trayectoria +2.8,5.85,0.0,GROUP_0016,22,22,7.507,0.967,1.0,alta,1,60.03,,,,,
COMP_1204,58.19,58.81,ESTABLE,ESTABLE,51.15,1,vigilancia,1,2025-12,1,2026-08,bache,32.22,1.55,0.15,trayectoria -2.0; colchon +1.4,0.14,0.0,GROUP_0100,9,9,4.59,0.96,1.0,media,1,46.43,0.0,1.0,,,
COMP_0781,58.06,58.83,ESTABLE,DETERIORANDO,36.77,1,critica,1,2026-04,1,2026-04,bache,36.42,1.75,-2.42,trayectoria -2.5; colchon +2.5,-0.0,0.0,GROUP_0170,10,10,3.579,0.928,1.0,media,1,40.41,,,,,
COMP_0440,58.02,58.43,ESTABLE,DETERIORANDO,28.39,1,critica,0,2025-03,1,2025-03,bache,25.81,2.01,,,,,GROUP_0162,21,21,6.638,0.952,0.953,alta,1,33.54,0.0,1.0,,,
COMP_0370,58.01,59.05,ESTABLE,MEJORANDO,65.95,1,critica,0,2026-02,0,,,,,-4.88,cobro_clientes -8.5; colchon +4.1,-4.87,0.0,GROUP_0164,7,7,2.594,0.897,0.94,media,1,58.53,0.0,1.0,,1.0,
COMP_0361,58.0,58.39,ESTABLE,ESTABLE,52.26,1,nivel_bajo,0,2024-12,0,,,,,2.02,colchon +4.1; trayectoria -4.0,2.02,0.0,GROUP_0116,22,22,6.875,0.967,1.0,alta,1,74.68,,,,,
COMP_1021,57.98,59.21,ESTABLE,DETERIORANDO,22.01,1,vigilancia,1,2026-07,1,2026-07,bache,38.4,1.89,3.38,trayectoria +3.3,3.4,0.0,GROUP_0236,6,6,2.182,0.88,0.88,media,1,52.18,,,,,
COMP_1009,57.95,58.5,ESTABLE,ESTABLE,43.77,1,vigilancia,1,2025-08,1,2026-08,bache,22.53,1.28,7.54,eficiencia +13.3; deuda_comercial -5.5,7.55,0.0,GROUP_0059,15,15,4.826,0.948,0.953,alta,1,49.89,,,,,
COMP_0771,57.83,58.82,ESTABLE,DETERIORANDO,22.86,1,critica,0,2026-06,0,,,,,,,,,GROUP_0175,7,7,2.594,0.897,0.94,media,1,39.28,,,,,
COMP_1050,57.83,58.72,ESTABLE,DETERIORANDO,38.38,1,vigilancia,1,2026-06,1,2026-06,bache,29.27,1.46,0.19,liquidez +3.1; colchon -2.1,0.18,0.0,GROUP_0047,7,7,2.875,0.949,0.97,media,1,47.74,,,,,
COMP_0432,57.78,58.16,ESTABLE,DETERIORANDO,39.16,1,vigilancia,1,2026-03,1,2026-03,bache,18.81,1.29,39.24,liquidez +14.4; eficiencia +13.3,39.22,0.0,GROUP_0095,18,18,6.738,0.96,1.0,alta,1,83.21,,,,,
COMP_0152,57.77,58.11,ESTABLE,ESTABLE,45.85,1,vigilancia,1,2025-03,1,2025-03,caida_estructural,17.72,2.06,-1.34,colchon -0.8,-1.35,0.0,GROUP_0037,22,22,7.507,0.967,1.0,alta,1,47.49,,,,,
COMP_0837,57.74,58.07,ESTABLE,ESTABLE,55.85,1,vigilancia,0,2025-06,1,2025-06,bache,17.45,1.33,12.46,liquidez +5.8; colchon +4.1,12.45,0.0,GROUP_0070,22,22,7.507,0.967,1.0,alta,1,76.68,0.0,1.0,,,
COMP_0941,57.65,57.97,ESTABLE,MEJORANDO,59.27,1,vigilancia,0,2025-03,1,2025-03,bache,23.43,1.49,9.18,liquidez +8.3; colchon -5.2,9.19,0.0,GROUP_0158,22,22,7.507,0.967,1.0,alta,1,65.03,0.0,1.0,,2.0,
COMP_1257,57.64,57.98,ESTABLE,ESTABLE,47.81,1,vigilancia,0,2026-04,1,2026-04,bache,19.21,1.63,2.92,deuda_comercial -9.1; liquidez +7.2,2.93,0.0,GROUP_0222,20,20,6.994,0.955,1.0,alta,1,53.85,,,,,
COMP_0773,57.59,57.91,ESTABLE,ESTABLE,47.09,1,vigilancia,0,2025-07,1,2025-10,bache,27.38,2.09,-11.0,liquidez -11.3; colchon +1.3,-11.01,0.0,GROUP_0112,22,22,7.507,0.967,1.0,alta,1,51.82,,,,,
COMP_1212,57.54,57.86,ESTABLE,MEJORANDO,74.73,1,vigilancia,1,2025-01,0,,,,,-2.06,colchon -1.7,-2.08,0.0,GROUP_0118,22,22,7.507,0.967,1.0,alta,1,64.11,0.0,1.0,,1.0,
COMP_1071,57.5,58.59,ESTABLE,MEJORANDO,75.68,1,critica,0,2026-03,0,,,,,6.25,liquidez +7.2; colchon -1.6,6.25,0.0,GROUP_0164,6,6,2.148,0.85,0.85,media,1,62.82,0.0,1.0,,,
COMP_1012,57.44,58.32,ESTABLE,MEJORANDO,63.39,1,vigilancia,0,2026-06,1,2026-06,bache,6.84,1.57,-29.09,liquidez -17.1; colchon -7.3,-29.1,0.0,GROUP_0032,7,7,2.594,0.897,0.94,media,1,47.52,,,,,
COMP_0139,57.33,57.64,ESTABLE,ESTABLE,45.57,1,vigilancia,1,2025-04,1,2026-08,bache,24.12,2.04,1.52,deuda_comercial +4.5; cobro_clientes -3.0,1.53,0.0,GROUP_0217,19,19,6.973,0.972,1.0,alta,1,47.11,0.0,1.0,,2.0,
COMP_0306,57.31,57.6,ESTABLE,ESTABLE,44.99,1,critica,1,2025-04,1,2025-04,bache,22.61,1.67,-29.5,liquidez -17.1; eficiencia -7.1,-29.5,0.0,GROUP_0094,21,21,7.478,0.966,1.0,alta,1,29.35,,,,,
COMP_0651,57.31,57.64,ESTABLE,DETERIORANDO,30.73,1,critica,1,2025-07,1,2025-07,bache,29.98,1.64,-11.85,colchon -4.3; eficiencia -3.8,-11.84,0.0,GROUP_0081,18,18,6.426,0.96,1.0,alta,1,21.62,,,,,
COMP_0217,57.28,57.9,ESTABLE,ESTABLE,47.36,1,vigilancia,0,2026-03,0,,,,,1.18,liquidez +3.1; trayectoria -2.8,1.19,0.0,GROUP_0087,9,9,3.466,0.92,1.0,media,1,57.64,,,,,
COMP_0870,57.28,57.61,ESTABLE,DETERIORANDO,36.45,1,critica,0,2025-02,0,,,,,,,,,GROUP_0142,18,18,6.618,0.96,1.0,alta,1,38.77,0.0,1.0,,1.0,
COMP_0147,57.27,58.25,ESTABLE,ESTABLE,53.68,1,nivel_bajo,0,2024-11,0,,,,,,,,,GROUP_0227,6,6,2.182,0.88,0.88,media,1,74.0,0.0,1.0,,1.0,
COMP_0346,57.27,57.74,ESTABLE,ESTABLE,44.31,1,nivel_bajo,1,2025-03,0,,,,,,,,,GROUP_0097,17,17,4.614,0.788,0.703,media,1,37.16,,,,,
COMP_0844,57.25,57.63,ESTABLE,ESTABLE,44.94,1,vigilancia,0,2026-06,1,2026-06,bache,18.06,1.65,2.83,liquidez +3.6; colchon -2.3,2.83,0.0,GROUP_0088,16,16,5.539,0.883,0.87,alta,1,48.79,,,,,
COMP_1219,57.17,57.46,ESTABLE,ESTABLE,43.59,1,vigilancia,1,2024-12,1,2026-08,bache,27.61,1.71,1.12,trayectoria +0.7,1.13,0.0,GROUP_0142,22,22,7.321,0.967,1.0,alta,1,45.18,,,,,
COMP_0810,57.15,57.42,ESTABLE,ESTABLE,50.7,1,vigilancia,0,2025-06,1,2025-06,caida_estructural,21.96,2.5,-3.44,colchon -2.4; trayectoria -1.0,-3.44,0.0,GROUP_0016,22,22,7.507,0.967,1.0,alta,1,69.07,,,,,
COMP_0069,57.1,58.02,ESTABLE,ESTABLE,56.51,1,critica,0,2026-06,0,,,,,19.99,eficiencia +12.3; colchon +3.9,19.17,0.0,GROUP_0175,6,6,2.182,0.88,0.88,media,1,78.9,,,,,
COMP_1019,57.0,57.26,ESTABLE,ESTABLE,47.17,1,vigilancia,0,2025-01,1,2025-10,bache,29.42,1.65,-2.04,deuda_comercial -1.1; trayectoria -0.8,-2.06,0.0,GROUP_0118,22,22,7.501,0.959,1.0,alta,1,60.45,,,,,
COMP_0129,56.97,57.36,ESTABLE,ESTABLE,43.6,0,,0,,0,,,,,-15.7,liquidez -7.2; colchon -4.0,-16.49,0.0,GROUP_0185,11,11,4.954,0.967,1.0,media,1,48.89,,,,,
COMP_0520,56.95,57.55,ESTABLE,ESTABLE,57.98,1,vigilancia,0,2026-02,0,,,,,2.35,eficiencia +3.2; colchon -0.9,2.36,0.0,GROUP_0020,7,7,3.18,0.949,0.97,media,1,52.41,,,,,
COMP_0104,56.91,57.31,ESTABLE,DETERIORANDO,39.73,1,vigilancia,1,2026-02,0,,,,,-9.52,cobro_clientes -2.5; colchon -2.2,-5.5,0.0,GROUP_0173,7,7,4.643,0.974,1.0,media,1,55.46,0.0,1.0,,,
COMP_0949,56.9,57.28,ESTABLE,DETERIORANDO,41.29,1,vigilancia,0,2025-10,0,,,,,-16.05,liquidez -14.4; colchon -1.9,-16.04,0.0,GROUP_0064,14,14,4.889,0.929,1.0,alta,1,45.61,,,,,
COMP_1285,56.88,57.76,ESTABLE,DETERIORANDO,36.75,1,critica,1,2026-07,1,2026-07,bache,27.0,1.84,-16.45,cobro_clientes -11.3; trayectoria +2.7,-9.91,5.49,GROUP_0149,6,6,2.091,0.857,0.857,media,1,41.65,0.0,1.0,,,
COMP_0065,56.87,57.12,ESTABLE,ESTABLE,48.89,1,critica,1,2025-12,1,2025-12,caida_estructural,16.74,1.78,1.01,deuda_comercial +2.4; colchon -2.0,1.03,0.0,GROUP_0139,22,22,7.507,0.967,1.0,alta,1,31.91,,,,,
COMP_0428,56.82,57.06,ESTABLE,MEJORANDO,61.13,1,nivel_bajo,0,2024-11,1,2025-07,bache,30.76,2.23,0.73,colchon +1.6; deuda_comercial -0.8,0.74,0.0,GROUP_0213,22,22,7.507,0.967,1.0,alta,1,80.6,,,,,
COMP_0758,56.82,57.26,ESTABLE,DETERIORANDO,40.83,1,vigilancia,1,2026-02,1,2026-02,bache,25.1,1.41,12.39,eficiencia +11.3; trayectoria +3.1,12.4,0.0,GROUP_0169,11,11,4.15,0.935,1.0,media,1,55.51,,,,,
COMP_0028,56.81,57.07,ESTABLE,MEJORANDO,59.23,1,vigilancia,0,2025-04,1,2025-06,bache,40.23,1.51,,,,,GROUP_0218,18,18,6.844,0.923,0.907,alta,1,75.25,,,,,
COMP_1198,56.75,56.99,ESTABLE,MEJORANDO,70.27,1,nivel_bajo,0,2025-03,1,2025-03,caida_estructural,10.79,2.02,2.54,colchon +1.3; deuda_comercial +0.9,2.54,0.0,GROUP_0218,22,22,7.507,0.967,1.0,alta,1,82.83,,,,,
COMP_1002,56.74,57.34,ESTABLE,DETERIORANDO,41.97,1,vigilancia,1,2026-08,1,2026-08,bache,19.96,1.26,8.1,eficiencia +11.3; colchon -1.9,9.7,0.0,GROUP_0185,8,8,2.961,0.91,0.97,media,1,54.46,,,,,
COMP_0364,56.72,57.07,ESTABLE,MEJORANDO,65.12,1,vigilancia,0,2025-11,0,,,,,29.45,liquidez +17.1; colchon +7.1,29.45,0.0,GROUP_0195,12,12,5.065,0.97,1.0,alta,1,89.65,0.0,1.0,,2.0,
COMP_1016,56.56,56.87,ESTABLE,ESTABLE,49.33,1,vigilancia,0,2026-05,1,2026-05,bache,29.68,1.99,-1.6,cobro_clientes -2.3; trayectoria +1.2,-1.61,0.0,GROUP_0069,8,8,5.178,1.0,1.0,media,1,51.19,,,,,
COMP_0784,56.55,57.32,ESTABLE,MEJORANDO,61.4,1,critica,1,2026-07,1,2026-07,caida_estructural,20.03,1.5,-14.29,trayectoria -2.9; colchon +1.7,-7.37,5.12,GROUP_0149,6,6,2.091,0.857,0.857,media,1,38.95,0.0,1.0,,,
COMP_0194,56.54,56.75,ESTABLE,MEJORANDO,62.7,1,critica,0,2025-03,1,2025-05,bache,45.05,1.79,2.43,colchon +1.6; trayectoria +0.8,2.45,0.0,GROUP_0035,22,22,7.507,0.967,1.0,alta,1,75.67,,,,,
COMP_0973,56.53,56.74,ESTABLE,DETERIORANDO,22.2,1,vigilancia,1,2024-12,0,,,,,-5.47,eficiencia -3.4; trayectoria -3.3,-5.49,0.0,GROUP_0013,22,22,7.507,0.967,1.0,alta,1,47.77,0.0,1.0,,,
COMP_1171,56.53,56.75,ESTABLE,ESTABLE,46.9,1,vigilancia,0,2025-03,1,2025-10,caida_estructural,25.88,2.41,-3.03,deuda_comercial -3.6; eficiencia +3.4,-3.03,0.0,GROUP_0139,19,19,7.411,0.985,1.0,alta,1,48.21,,,,,
COMP_0198,56.52,56.76,ESTABLE,MEJORANDO,59.79,1,critica,0,2026-01,1,2026-01,bache,25.67,2.28,-1.54,colchon -1.1,-1.53,0.0,GROUP_0037,20,20,6.716,0.957,0.977,alta,1,61.49,,,,,
COMP_0214,56.47,56.75,ESTABLE,ESTABLE,43.32,0,,0,,0,,,,,,,,,GROUP_0112,13,13,5.463,0.945,1.0,alta,1,54.26,,,,,
COMP_1162,56.43,56.65,ESTABLE,ESTABLE,49.08,1,vigilancia,0,2025-01,1,2025-10,bache,46.8,2.25,,,,,GROUP_0116,21,21,6.95,0.966,1.0,alta,1,43.37,0.0,2.0,,2.0,
COMP_1191,56.41,56.62,ESTABLE,ESTABLE,53.71,1,vigilancia,0,2025-01,1,2025-04,bache,19.0,1.6,6.62,liquidez +9.9; trayectoria -2.8,6.62,0.0,GROUP_0139,21,21,7.467,0.961,1.0,alta,1,55.67,,,,,
COMP_0722,56.29,56.68,ESTABLE,ESTABLE,46.25,1,vigilancia,1,2025-08,1,2026-06,bache,20.13,1.99,18.51,eficiencia +12.3; liquidez +3.1,18.51,0.0,GROUP_0064,13,13,3.616,0.902,1.0,alta,1,64.48,1.0,1.0,11.0,,11.0
COMP_0596,56.28,56.46,ESTABLE,ESTABLE,51.07,1,vigilancia,0,2025-05,1,2025-07,bache,26.01,1.79,-22.3,eficiencia -13.3; colchon +7.6,-19.11,0.0,GROUP_0212,22,22,7.507,0.967,1.0,alta,1,54.69,,,,,
COMP_0930,56.23,56.75,ESTABLE,ESTABLE,48.63,1,critica,0,2026-04,0,,,,,36.41,liquidez +17.1; eficiencia +10.4,36.42,0.0,GROUP_0246,7,7,2.655,0.949,0.97,media,1,70.1,0.0,1.0,,,
COMP_1040,56.2,56.61,ESTABLE,MEJORANDO,58.61,1,critica,1,2026-01,0,,,,,-34.74,liquidez -17.1; eficiencia -9.1,-34.73,0.0,GROUP_0056,9,9,3.288,0.92,1.0,media,1,25.26,1.0,1.0,7.0,,7.0
COMP_1026,56.15,56.43,ESTABLE,ESTABLE,42.85,1,critica,1,2026-06,1,2026-06,caida_estructural,7.26,1.55,-15.85,eficiencia -11.3; liquidez -4.1,-15.86,0.0,GROUP_0186,7,7,4.733,1.0,1.0,media,1,35.4,0.0,1.0,,,
COMP_1083,56.12,56.55,ESTABLE,MEJORANDO,59.31,1,vigilancia,0,2026-05,0,,,,,-15.85,liquidez -11.3; trayectoria -2.5,-13.46,0.0,GROUP_0199,8,8,2.961,0.91,0.97,media,1,43.4,,,,,
COMP_1119,56.05,56.22,ESTABLE,MEJORANDO,70.64,1,vigilancia,0,2025-04,0,,,,,1.27,colchon +4.0; liquidez -2.7,1.26,0.0,GROUP_0187,21,21,7.193,0.959,1.0,alta,1,74.49,,,,,
COMP_0582,56.04,56.2,ESTABLE,ESTABLE,51.25,1,critica,0,2025-03,1,2025-03,bache,32.98,1.97,,,,,GROUP_0159,21,21,7.696,0.966,1.0,alta,1,71.58,,,,,
COMP_0775,56.02,56.21,ESTABLE,MEJORANDO,77.54,1,vigilancia,0,2025-05,1,2026-02,bache,19.33,1.45,1.24,cobro_clientes +2.6; eficiencia -2.0,1.24,0.0,GROUP_0211,16,16,6.199,0.955,1.0,alta,1,68.42,0.0,1.0,,2.0,
COMP_0943,55.94,56.35,ESTABLE,ESTABLE,56.25,1,vigilancia,0,2026-03,0,,,,,2.74,colchon +3.6; trayectoria -1.0,2.72,0.0,GROUP_0173,7,7,2.818,0.897,0.94,media,1,63.6,1.0,1.0,3.0,4.0,-1.0
COMP_1088,55.91,56.34,ESTABLE,ESTABLE,43.25,1,vigilancia,1,2026-07,1,2026-07,bache,15.68,1.8,1.07,liquidez +4.1; colchon -2.4,1.07,0.0,GROUP_0234,7,7,2.594,0.897,0.94,media,1,49.7,,,,,
COMP_0086,55.88,56.63,ESTABLE,DETERIORANDO,41.29,1,vigilancia,1,2026-07,1,2026-07,bache,22.97,2.4,-2.31,colchon -1.9,-2.3,0.0,GROUP_0168,9,9,1.466,0.787,0.84,media,1,45.99,,,,,
COMP_1031,55.81,55.97,ESTABLE,ESTABLE,47.09,1,vigilancia,0,2025-04,1,2026-03,bache,24.71,1.43,-1.0,trayectoria -2.2; colchon +1.3,-0.99,0.0,GROUP_0187,18,18,6.738,0.96,1.0,alta,1,45.49,1.0,1.0,3.0,,3.0
COMP_0056,55.71,56.09,ESTABLE,MEJORANDO,59.78,1,vigilancia,0,2026-03,1,2026-07,caida_estructural,17.4,2.15,-5.22,eficiencia -3.4; colchon -1.0,-5.23,0.0,GROUP_0234,7,7,2.594,0.897,0.94,media,1,44.27,,,,,
COMP_0588,55.69,55.82,ESTABLE,ESTABLE,53.6,1,nivel_bajo,0,2025-03,0,,,,,28.14,liquidez +17.1; eficiencia +7.1,28.15,0.0,GROUP_0218,22,22,7.507,0.967,1.0,alta,1,81.07,0.0,1.0,,3.0,
COMP_0239,55.66,55.8,ESTABLE,MEJORANDO,68.13,1,vigilancia,0,2025-04,0,,,,,-2.0,deuda_comercial -0.7; colchon -0.6,-2.0,0.0,GROUP_0202,21,21,6.929,0.966,1.0,alta,1,58.65,0.0,1.0,,2.0,
COMP_0289,55.65,55.78,ESTABLE,ESTABLE,43.89,1,critica,0,2024-11,0,,,,,2.01,trayectoria +5.0; liquidez -4.1,2.02,0.0,GROUP_0142,22,22,7.211,0.967,1.0,alta,1,55.79,,,,,
COMP_0833,55.59,55.71,ESTABLE,MEJORANDO,58.28,1,vigilancia,0,2025-03,1,2025-04,bache,17.43,1.43,-0.38,colchon -1.4; trayectoria +1.0,-0.4,0.0,GROUP_0158,21,21,7.346,0.966,1.0,alta,1,64.88,1.0,1.0,9.0,10.0,-1.0
COMP_1276,55.57,55.71,ESTABLE,MEJORANDO,58.9,1,vigilancia,0,2025-08,1,2025-08,bache,10.84,1.45,3.27,liquidez +3.1; cobro_clientes +0.8,3.25,0.0,GROUP_0103,17,17,6.483,0.958,1.0,alta,1,59.14,,,,,
COMP_0534,55.52,55.72,ESTABLE,MEJORANDO,67.17,1,critica,0,2025-11,0,,,,,-1.31,liquidez -4.1; deuda_comercial +2.3,-1.32,0.0,GROUP_0184,10,10,4.09,0.964,1.0,media,1,61.56,,,,,
COMP_0156,55.46,55.58,ESTABLE,ESTABLE,44.94,1,vigilancia,0,2025-04,1,2026-03,bache,16.05,1.37,21.83,liquidez +11.3; eficiencia +7.0,21.83,0.0,GROUP_0187,18,18,6.738,0.96,1.0,alta,1,67.16,,,,,
COMP_0475,55.44,55.8,ESTABLE,DETERIORANDO,35.44,1,vigilancia,0,2025-04,0,,,,,,,,,GROUP_0015,6,6,2.182,0.88,0.88,media,1,43.6,,,,,
COMP_0043,55.43,55.59,ESTABLE,ESTABLE,49.38,1,vigilancia,0,2026-03,0,,,,,-0.71,trayectoria -1.7; colchon +1.0,-0.68,0.0,GROUP_0185,9,9,4.688,1.0,1.0,media,1,47.32,1.0,1.0,5.0,,5.0
COMP_1230,55.4,55.5,ESTABLE,ESTABLE,49.46,1,vigilancia,0,2026-03,1,2026-03,bache,20.43,1.9,-9.04,trayectoria -3.7; deuda_comercial -3.6,-9.04,0.0,GROUP_0019,20,20,7.314,0.964,1.0,alta,1,42.2,0.0,1.0,,,
COMP_0436,55.37,55.59,ESTABLE,ESTABLE,51.67,1,vigilancia,0,2026-06,0,,,,,-1.18,trayectoria -3.1; liquidez +2.7,-1.18,0.0,GROUP_0048,8,8,3.211,0.955,1.0,media,1,65.29,,,,,
COMP_0688,55.35,55.55,ESTABLE,DETERIORANDO,39.74,1,vigilancia,1,2026-01,0,,,,,-4.62,trayectoria -2.6; colchon -2.0,-4.63,0.0,GROUP_0241,8,8,3.438,1.0,1.0,media,1,53.91,0.0,1.0,,,
COMP_0166,55.31,55.53,ESTABLE,ESTABLE,53.6,1,vigilancia,1,2026-08,0,,,,,-10.21,"liquidez +2.9; trayectoria -2.9 (cambio dominado por datos nuevos, no por comportamiento)",-3.95,5.79,GROUP_0149,9,9,3.027,0.924,0.977,media,1,43.74,0.0,1.0,,,
COMP_0824,55.31,55.4,ESTABLE,DETERIORANDO,41.8,1,nivel_bajo,1,2025-03,1,2025-03,bache,20.53,1.29,-12.2,colchon -5.6; trayectoria -2.6,-8.21,0.0,GROUP_0159,22,22,7.507,0.967,1.0,alta,1,37.43,0.0,1.0,,,
COMP_1065,55.31,55.91,ESTABLE,DETERIORANDO,28.21,1,vigilancia,1,2026-04,0,,,,,-6.13,"deuda_comercial +14.3; liquidez -9.0 (cambio dominado por datos nuevos, no por comportamiento)",-0.29,12.45,GROUP_0215,6,6,1.144,0.84,0.84,media,1,61.86,,,,,
COMP_0011,55.28,55.58,ESTABLE,DETERIORANDO,39.09,1,vigilancia,1,2026-07,1,2026-07,bache,26.49,1.47,12.88,liquidez +11.3; trayectoria +3.2,12.87,0.0,GROUP_0234,6,6,2.182,0.88,0.88,media,1,59.05,,,,,
COMP_0646,55.28,55.37,ESTABLE,ESTABLE,44.15,1,vigilancia,1,2024-12,1,2025-12,bache,22.97,1.36,0.33,colchon +0.8; trayectoria -0.5,0.32,0.0,GROUP_0118,22,22,7.507,0.967,1.0,alta,1,61.88,,,,,
COMP_0119,55.27,55.4,ESTABLE,ESTABLE,46.7,1,vigilancia,1,2026-06,1,2026-08,bache,24.31,1.39,3.81,deuda_comercial +8.8; eficiencia -3.4,3.8,0.0,GROUP_0048,8,8,4.737,0.955,1.0,media,1,47.45,,,,,
COMP_0765,55.27,55.36,ESTABLE,ESTABLE,50.62,1,vigilancia,0,2025-05,1,2025-07,caida_estructural,14.54,1.29,12.35,liquidez +7.2; eficiencia +3.4,12.33,0.0,GROUP_0016,19,19,6.964,0.962,1.0,alta,1,68.94,,,,,
COMP_0917,55.24,55.35,ESTABLE,ESTABLE,46.91,1,critica,0,2025-04,0,,,,,15.81,eficiencia +13.3; colchon +2.1,15.82,0.0,GROUP_0217,19,19,5.457,0.887,0.84,alta,1,66.99,0.0,1.0,,,
COMP_1194,55.23,55.34,ESTABLE,DETERIORANDO,30.06,1,nivel_bajo,1,2026-06,1,2026-07,bache,22.01,1.58,-22.05,deuda_comercial -4.0; liquidez -3.5,-11.79,4.0,GROUP_0230,12,12,5.893,0.958,0.977,alta,1,25.41,,,,,
COMP_1115,55.19,55.28,ESTABLE,DETERIORANDO,36.02,1,vigilancia,0,2025-07,1,2025-07,bache,25.18,1.5,2.32,eficiencia +3.2; trayectoria -0.9,2.3,0.0,GROUP_0064,18,18,6.738,0.96,1.0,alta,1,48.13,0.0,1.0,,,
COMP_1080,55.18,55.44,ESTABLE,MEJORANDO,65.33,1,vigilancia,0,2026-04,0,,,,,2.13,liquidez +3.1; trayectoria -1.5,2.12,0.0,GROUP_0007,6,6,2.182,0.88,0.88,media,1,59.88,,,,,
COMP_0411,55.14,55.21,ESTABLE,MEJORANDO,58.31,1,vigilancia,0,2025-07,1,2025-07,bache,17.22,2.01,-1.46,colchon -1.9,-1.46,0.0,GROUP_0158,22,22,7.507,0.967,1.0,alta,1,55.64,,,,,
COMP_0872,55.02,55.22,ESTABLE,MEJORANDO,67.47,1,vigilancia,1,2026-06,1,2026-07,bache,15.67,1.63,11.53,liquidez +7.2; eficiencia +7.0,11.52,0.0,GROUP_0236,6,6,2.182,0.88,0.88,media,1,61.23,1.0,1.0,1.0,,1.0
COMP_0842,55.0,55.07,ESTABLE,DETERIORANDO,38.85,1,critica,1,2025-06,0,,,,,-2.06,colchon -1.7,-2.07,0.0,GROUP_0053,18,18,6.59,0.95,1.0,alta,1,26.25,1.0,1.0,12.0,10.0,2.0
COMP_0471,54.97,55.03,ESTABLE,MEJORANDO,58.75,1,critica,0,2025-04,1,2025-04,bache,24.36,1.35,-3.12,deuda_comercial -3.3,-3.09,0.0,GROUP_0162,22,22,7.507,0.967,1.0,alta,1,60.1,,,,,
COMP_1269,54.94,54.99,ESTABLE,DETERIORANDO,41.01,1,vigilancia,0,2025-05,1,2025-05,bache,25.68,1.94,2.46,eficiencia +3.2; colchon -0.6,2.45,0.0,GROUP_0019,20,20,6.816,0.964,1.0,alta,1,49.47,0.0,1.0,,11.0,
COMP_0162,54.93,54.99,ESTABLE,MEJORANDO,69.32,1,vigilancia,0,2025-08,0,,,,,17.6,liquidez +9.9; colchon +3.8,17.6,0.0,GROUP_0095,13,13,6.293,0.972,1.0,alta,1,82.06,1.0,1.0,5.0,,5.0
COMP_1118,54.92,55.07,ESTABLE,DETERIORANDO,39.19,1,critica,1,2026-07,1,2026-07,bache,17.88,1.34,-11.61,colchon -9.8; deuda_comercial -1.3,-11.62,0.0,GROUP_0023,7,7,2.563,0.871,0.91,media,1,34.83,,,,,
COMP_0800,54.87,54.99,ESTABLE,ESTABLE,45.33,1,vigilancia,0,2026-04,1,2026-04,bache,26.08,1.44,-8.53,"trayectoria +1.9; colchon +1.7 (cambio dominado por datos nuevos, no por comportamiento)",-2.04,5.56,GROUP_0149,9,9,2.828,0.944,0.977,media,1,42.12,0.0,1.0,,,
COMP_0563,54.82,54.86,ESTABLE,DETERIORANDO,23.04,1,vigilancia,1,2025-05,1,2025-12,bache,22.32,1.48,22.8,eficiencia +7.1; liquidez +5.8,14.8,0.0,GROUP_0200,17,17,6.483,0.958,1.0,alta,1,64.1,0.0,1.0,,10.0,
COMP_1004,54.8,54.86,ESTABLE,DETERIORANDO,31.43,1,vigilancia,0,2024-12,0,,,,,,,,,GROUP_0109,16,16,5.517,0.946,0.977,alta,1,45.6,1.0,1.0,1.0,2.0,-1.0
COMP_0159,54.76,54.8,ESTABLE,DETERIORANDO,34.0,1,critica,1,2025-06,0,,,,,-6.6,eficiencia -4.2; cobro_clientes -2.5,-6.56,0.0,GROUP_0102,19,19,6.957,0.953,1.0,alta,1,22.16,0.0,1.0,,2.0,
COMP_1064,54.75,54.78,ESTABLE,ESTABLE,56.58,1,vigilancia,0,2026-04,1,2026-04,caida_estructural,10.1,1.74,3.45,cobro_clientes +2.8; colchon +2.2,3.44,0.0,GROUP_0056,18,18,7.357,1.0,1.0,alta,1,60.6,0.0,1.0,,,
COMP_0423,54.74,54.77,ESTABLE,DETERIORANDO,40.97,1,critica,1,2025-05,1,2025-05,bache,24.27,1.71,-21.67,liquidez -11.3; cobro_clientes -5.5,-21.7,0.0,GROUP_0162,22,22,7.507,0.967,1.0,alta,1,22.3,,,,,
COMP_0261,54.72,54.77,ESTABLE,DETERIORANDO,38.59,1,vigilancia,0,2025-04,1,2025-04,bache,32.12,2.06,,,,,GROUP_0086,14,14,5.602,0.929,0.953,alta,1,54.94,,,,,
COMP_1263,54.7,54.73,ESTABLE,ESTABLE,50.54,1,vigilancia,0,2025-02,1,2025-10,bache,26.66,2.16,-2.61,trayectoria -2.3; eficiencia +1.0,-1.02,0.0,GROUP_0091,20,20,7.166,0.964,1.0,alta,1,44.03,,,,,
COMP_0513,54.68,54.71,ESTABLE,DETERIORANDO,39.35,1,critica,0,2025-03,1,2025-03,bache,37.46,1.54,17.14,eficiencia +13.3; trayectoria +2.8,17.15,0.0,GROUP_0142,22,22,7.211,0.967,1.0,alta,1,59.9,,,,,
COMP_0719,54.62,54.65,ESTABLE,DETERIORANDO,19.75,1,critica,1,2025-04,0,,,,,-20.65,deuda_comercial -8.5; colchon -8.3,-20.64,0.0,GROUP_0068,18,18,7.234,0.98,1.0,alta,1,21.6,1.0,1.0,4.0,2.0,2.0
COMP_1267,54.62,54.65,ESTABLE,ESTABLE,48.15,1,critica,0,2025-02,0,,,,,-6.34,colchon -3.4; liquidez -3.1,-6.34,0.0,GROUP_0095,20,20,7.314,0.964,1.0,alta,1,53.18,,,,,
COMP_0913,54.55,54.56,ESTABLE,ESTABLE,57.41,1,vigilancia,0,2025-02,1,2025-08,bache,27.91,2.31,-4.47,trayectoria -2.8; colchon -1.7,-4.46,0.0,GROUP_0108,20,20,7.166,0.964,1.0,alta,1,58.29,1.0,1.0,6.0,,6.0
COMP_0134,54.52,54.54,ESTABLE,DETERIORANDO,27.65,1,critica,1,2026-02,1,2026-02,bache,18.44,1.35,0.54,colchon +1.3; trayectoria -0.8,0.54,0.0,GROUP_0169,11,11,4.131,0.918,1.0,media,1,41.9,,,,,
COMP_0168,54.52,54.54,ESTABLE,ESTABLE,51.96,1,critica,0,2025-12,0,,,,,34.95,liquidez +17.1; eficiencia +13.3,34.93,0.0,GROUP_0061,9,9,3.264,0.9,1.0,media,1,70.9,,,,,
COMP_0976,54.51,54.53,ESTABLE,ESTABLE,51.04,1,vigilancia,1,2025-12,0,,,,,-6.92,"liquidez +2.9; colchon +1.7 (cambio dominado por datos nuevos, no por comportamiento)",-0.88,5.99,GROUP_0149,9,9,3.399,0.924,0.977,media,1,45.19,0.0,1.0,,,
COMP_0274,54.49,54.5,ESTABLE,MEJORANDO,61.96,1,critica,0,2025-07,1,2025-07,bache,22.64,1.74,0.13,colchon +1.8; trayectoria -1.6,0.13,0.0,GROUP_0097,18,18,6.738,0.96,1.0,alta,1,69.71,,,,,
COMP_0979,54.45,54.45,ESTABLE,ESTABLE,45.67,1,critica,1,2025-06,1,2025-06,bache,33.97,1.76,-34.31,liquidez -13.2; cobro_clientes -10.2,-31.11,0.0,GROUP_0018,19,19,6.386,0.957,0.953,alta,1,30.75,0.0,1.0,,4.0,
COMP_0382,54.44,54.45,ESTABLE,ESTABLE,51.81,1,vigilancia,0,2025-09,0,,,,,0.38,colchon +1.9; trayectoria -1.6,0.38,0.0,GROUP_0068,15,15,5.865,0.94,1.0,alta,1,57.4,,,,,
COMP_0863,54.37,54.37,ESTABLE,ESTABLE,56.02,1,vigilancia,0,2025-08,1,2025-08,bache,22.91,1.39,-16.85,eficiencia -11.3; trayectoria +0.7,-11.27,0.0,GROUP_0142,17,17,6.384,0.949,0.977,alta,1,46.53,,,,,
COMP_0061,54.35,54.34,ESTABLE,ESTABLE,57.72,0,,0,,0,,,,,,,,,GROUP_0022,6,6,2.182,0.88,0.88,media,1,52.63,,,,,
COMP_0060,54.32,54.31,ESTABLE,ESTABLE,43.22,1,critica,1,2025-03,1,2025-03,bache,26.04,1.94,-0.31,,-0.29,0.0,GROUP_0112,22,22,6.284,0.919,0.847,alta,1,40.09,0.0,1.0,,6.0,
COMP_0435,54.31,54.28,ESTABLE,ESTABLE,45.9,1,critica,1,2026-05,1,2026-05,caida_estructural,16.07,1.99,1.6,cobro_clientes +10.2; colchon -4.0,1.6,0.0,GROUP_0048,8,8,3.015,0.955,1.0,media,1,41.9,,,,,
COMP_0494,54.29,54.28,ESTABLE,MEJORANDO,67.6,1,vigilancia,0,2025-05,1,2026-06,caida_estructural,7.46,1.34,-0.64,colchon -0.6,-0.65,0.0,GROUP_0142,22,22,7.211,0.967,1.0,alta,1,57.63,,,,,
COMP_0956,54.25,54.22,ESTABLE,ESTABLE,47.08,1,vigilancia,1,2026-04,0,,,,,2.24,eficiencia +2.0; trayectoria +1.9,3.85,0.0,GROUP_0166,6,6,4.233,1.0,1.0,media,1,52.92,1.0,1.0,3.0,,3.0
COMP_0516,54.24,54.2,ESTABLE,DETERIORANDO,38.57,1,vigilancia,0,2026-03,1,2026-03,bache,18.34,1.55,-0.16,trayectoria -0.7; colchon +0.5,-0.14,0.0,GROUP_0192,10,10,3.579,0.928,1.0,media,1,44.71,0.0,1.0,,,
COMP_0572,54.24,54.22,ESTABLE,ESTABLE,47.76,1,critica,0,2025-06,1,2025-07,bache,25.18,1.41,43.0,liquidez +17.1; eficiencia +13.3,40.61,0.0,GROUP_0064,18,18,6.738,0.96,1.0,alta,1,84.98,,,,,
COMP_0998,54.24,54.2,ESTABLE,DETERIORANDO,40.32,1,vigilancia,1,2026-01,1,2026-03,bache,19.52,1.36,-0.23,,-0.23,0.0,GROUP_0192,10,10,3.579,0.928,1.0,media,1,43.01,1.0,1.0,7.0,,7.0
COMP_1158,54.2,54.18,ESTABLE,ESTABLE,53.09,1,critica,1,2025-06,1,2026-05,caida_estructural,18.04,1.41,-6.23,eficiencia -3.8; trayectoria -1.7,-6.21,0.0,GROUP_0222,20,20,6.809,0.955,1.0,alta,1,40.72,,,,,
COMP_0553,54.17,54.15,ESTABLE,ESTABLE,49.74,1,nivel_bajo,1,2025-03,0,,,,,-24.74,liquidez -14.4; deuda_comercial -8.1,-24.75,0.0,GROUP_0217,19,19,6.571,0.962,1.0,alta,1,21.86,,,,,
COMP_0367,54.15,54.12,ESTABLE,ESTABLE,56.04,1,vigilancia,0,2025-01,1,2025-10,bache,40.87,2.02,7.12,colchon +4.7; trayectoria +2.4,7.11,0.0,GROUP_0187,22,22,7.507,0.967,1.0,alta,1,61.65,1.0,1.0,2.0,,2.0
COMP_0642,54.12,54.07,ESTABLE,DETERIORANDO,41.87,1,critica,1,2025-12,0,,,,,-24.6,liquidez -17.1; colchon -1.9,-19.0,0.0,GROUP_0072,9,9,4.194,0.833,0.9,media,1,40.87,,,,,
COMP_0864,54.08,54.04,ESTABLE,ESTABLE,45.89,1,vigilancia,0,2025-05,1,2026-01,bache,20.75,1.85,2.49,trayectoria +5.0; deuda_comercial -3.2,2.47,0.0,GROUP_0218,22,22,7.507,0.967,1.0,alta,1,44.76,,,,,
COMP_0369,54.03,53.97,ESTABLE,MEJORANDO,64.3,1,vigilancia,0,2026-01,0,,,,,-4.15,trayectoria -3.1; colchon -1.1,-4.18,0.0,GROUP_0246,8,8,5.098,0.978,1.0,media,1,61.53,,,,,
COMP_0341,54.01,53.97,ESTABLE,ESTABLE,47.72,1,vigilancia,0,2025-03,1,2025-03,bache,20.51,1.8,3.09,eficiencia +3.4; cobro_clientes +2.6,3.89,0.0,GROUP_0150,22,22,7.507,0.967,1.0,alta,1,54.67,,,,,
COMP_0613,53.97,53.92,ESTABLE,ESTABLE,42.44,1,vigilancia,0,2025-10,1,2025-10,bache,24.81,2.05,-2.16,colchon -1.5; trayectoria -0.7,-2.18,0.0,GROUP_0158,22,22,7.507,0.967,1.0,alta,1,47.31,0.0,1.0,,,
COMP_0091,53.86,53.79,ESTABLE,MEJORANDO,59.48,1,vigilancia,0,2025-06,1,2026-04,bache,25.35,1.47,-11.97,liquidez -5.8; eficiencia -3.4,-11.98,0.0,GROUP_0237,16,16,6.649,0.978,1.0,alta,1,54.44,,,,,
COMP_0902,53.86,53.79,ESTABLE,DETERIORANDO,40.88,1,vigilancia,1,2025-11,1,2026-08,bache,35.14,1.83,1.82,colchon +2.1,1.82,0.0,GROUP_0217,17,17,6.196,0.947,1.0,alta,1,45.35,0.0,1.0,,,
COMP_0531,53.84,53.78,ESTABLE,ESTABLE,53.43,1,vigilancia,0,2024-11,1,2026-04,bache,24.76,1.34,-4.07,liquidez -2.7; trayectoria -1.0,-4.07,0.0,GROUP_0214,22,22,7.507,0.967,1.0,alta,1,53.56,0.0,1.0,,4.0,
COMP_0052,53.76,53.69,ESTABLE,ESTABLE,47.57,1,critica,1,2025-10,1,2026-01,bache,26.12,1.74,0.29,trayectoria +2.6; colchon -2.3,0.29,0.0,GROUP_0142,22,22,7.321,0.967,1.0,alta,1,39.39,,,,,
COMP_1229,53.76,53.57,ESTABLE,DETERIORANDO,35.08,1,vigilancia,0,2026-06,1,2026-06,bache,30.73,1.27,-9.78,liquidez -7.2; eficiencia -3.8,-9.77,0.0,GROUP_0009,7,7,2.594,0.897,0.94,media,1,46.42,,,,,
COMP_1249,53.75,53.68,ESTABLE,MEJORANDO,64.19,1,nivel_bajo,0,2024-12,0,,,,,2.65,cobro_clientes +2.9; colchon -0.8,2.65,0.0,GROUP_0090,22,22,7.507,0.967,1.0,alta,1,76.1,1.0,1.0,3.0,1.0,2.0
COMP_1227,53.62,53.52,ESTABLE,DETERIORANDO,41.09,1,critica,1,2025-05,0,,,,,-4.92,eficiencia -4.2,-4.92,0.0,GROUP_0244,17,17,6.384,0.949,0.977,alta,1,35.03,,,,,
COMP_0128,53.6,53.51,ESTABLE,ESTABLE,51.52,1,vigilancia,0,2025-12,1,2025-12,bache,36.3,2.33,13.62,liquidez +8.3; eficiencia +5.3,13.62,0.0,GROUP_0103,17,17,6.483,0.958,1.0,alta,1,68.85,0.0,1.0,,,
COMP_0403,53.59,53.47,ESTABLE,DETERIORANDO,33.92,1,critica,0,2025-12,0,,,,,-21.12,colchon -14.4; liquidez -4.1,-18.72,0.0,GROUP_0201,11,11,4.972,0.967,1.0,media,1,47.77,0.0,1.0,,2.0,
COMP_0215,53.51,53.38,ESTABLE,DETERIORANDO,34.83,1,nivel_bajo,1,2025-12,1,2026-03,bache,60.32,1.7,16.03,eficiencia +9.1; cobro_clientes +5.8,16.01,0.0,GROUP_0070,11,11,4.953,0.967,1.0,media,1,40.54,,,,,
COMP_0936,53.5,53.36,ESTABLE,DETERIORANDO,41.79,1,critica,0,2025-12,1,2025-12,caida_estructural,11.66,1.62,-13.86,cobro_clientes -11.3; eficiencia -5.3,-13.85,0.0,GROUP_0046,13,13,4.691,0.923,1.0,alta,1,54.62,0.0,1.0,,,
COMP_0947,53.48,53.39,ESTABLE,ESTABLE,43.9,1,vigilancia,0,2025-09,1,2025-09,bache,27.26,1.69,1.45,trayectoria +4.4; colchon -3.0,1.44,0.0,GROUP_0158,22,22,7.507,0.967,1.0,alta,1,45.53,0.0,1.0,,,
COMP_1160,53.43,53.34,ESTABLE,MEJORANDO,60.85,1,vigilancia,0,2025-03,1,2025-03,bache,29.53,1.52,-1.76,trayectoria -3.2; colchon +1.4,-1.76,0.0,GROUP_0158,22,22,7.507,0.967,1.0,alta,1,54.97,0.0,1.0,,,
COMP_0070,53.42,53.3,ESTABLE,DETERIORANDO,37.33,1,nivel_bajo,0,2025-09,0,,,,,-20.68,liquidez -9.0; deuda_comercial +3.5,-12.29,10.03,GROUP_0230,12,12,5.872,0.95,0.9,alta,1,49.54,0.0,1.0,,,
COMP_0946,53.37,53.19,ESTABLE,DETERIORANDO,34.58,0,,0,,0,,,,,4.84,trayectoria +4.2; colchon +0.6,4.84,0.0,GROUP_0143,11,11,4.15,0.935,1.0,media,1,51.72,,,,,
COMP_0393,53.36,53.23,ESTABLE,ESTABLE,54.5,1,vigilancia,0,2025-11,0,,,,,-11.48,liquidez -7.2; colchon -5.3,-7.46,0.0,GROUP_0054,11,11,6.01,1.0,1.0,media,1,44.55,0.0,1.0,,,
COMP_0818,53.36,53.25,ESTABLE,ESTABLE,56.63,1,vigilancia,1,2025-03,1,2026-06,bache,16.2,1.36,0.01,colchon +1.1; trayectoria -1.1,0.0,0.0,GROUP_0115,21,21,7.229,0.95,0.977,alta,1,43.43,,,,,
COMP_1045,53.35,53.24,ESTABLE,ESTABLE,43.25,1,vigilancia,1,2024-11,1,2026-08,bache,19.72,1.37,-6.9,eficiencia -3.4; liquidez -3.1,-6.9,0.0,GROUP_0141,22,22,7.507,0.967,1.0,alta,1,47.47,0.0,1.0,,,
COMP_0352,53.34,53.18,ESTABLE,DETERIORANDO,36.66,1,critica,0,2026-05,0,,,,,-0.52,cobro_clientes +5.9; colchon -3.5,-0.54,0.0,GROUP_0044,8,8,5.098,0.978,1.0,media,1,61.18,0.0,1.0,,,
COMP_1028,53.32,53.16,ESTABLE,ESTABLE,47.23,0,,0,,0,,,,,12.52,liquidez +17.1; deuda_comercial -12.9,12.52,0.0,GROUP_0069,8,8,5.178,1.0,1.0,media,1,56.47,,,,,
COMP_0985,53.2,53.07,ESTABLE,ESTABLE,45.39,1,critica,1,2024-12,1,2025-09,bache,22.81,1.82,-25.74,liquidez -11.3; eficiencia -10.4,-25.73,0.0,GROUP_0141,22,22,7.507,0.967,1.0,alta,1,36.48,,,,,
COMP_0919,53.16,53.02,ESTABLE,ESTABLE,43.88,1,critica,0,2025-10,0,,,,,-5.85,liquidez -2.7; trayectoria -2.1,-5.84,0.0,GROUP_0230,12,12,6.524,1.0,1.0,alta,1,56.65,0.0,1.0,,,
COMP_1206,53.15,53.0,ESTABLE,ESTABLE,57.24,1,vigilancia,1,2025-02,0,,,,,0.28,colchon +1.0; trayectoria -0.6,0.29,0.0,GROUP_0084,19,19,6.466,0.962,1.0,alta,1,60.68,0.0,1.0,,,
COMP_0488,53.14,52.94,ESTABLE,MEJORANDO,75.0,1,vigilancia,0,2026-01,0,,,,,-1.29,cobro_clientes -5.8; trayectoria +2.4,-1.28,0.0,GROUP_0060,8,8,4.599,0.978,1.0,media,1,63.32,0.0,1.0,,,
COMP_0090,53.13,53.0,ESTABLE,ESTABLE,48.27,1,critica,1,2025-06,0,,,,,-18.58,liquidez -7.2; trayectoria -3.9,-18.58,0.0,GROUP_0116,22,22,7.285,0.934,0.977,alta,1,32.55,,,,,
COMP_0320,53.13,52.95,ESTABLE,ESTABLE,54.82,1,vigilancia,0,2026-01,0,,,,,-14.59,liquidez -9.9; eficiencia -7.1,-19.4,0.0,GROUP_0246,8,8,5.178,1.0,1.0,media,1,44.96,0.0,1.0,,2.0,
COMP_0733,53.07,52.93,ESTABLE,DETERIORANDO,30.8,1,critica,1,2025-07,1,2025-09,bache,23.27,1.5,-8.89,eficiencia -11.3; liquidez +4.1,-6.5,0.0,GROUP_0129,20,20,7.002,0.964,1.0,alta,1,36.92,0.0,1.0,,,
COMP_0834,53.07,52.9,ESTABLE,DETERIORANDO,40.95,1,vigilancia,1,2024-11,1,2026-02,bache,17.17,1.42,2.21,trayectoria +2.2,2.2,0.0,GROUP_0096,22,22,5.93,0.855,0.74,media,1,52.21,,,,,
COMP_0476,53.06,52.93,ESTABLE,DETERIORANDO,33.11,1,vigilancia,1,2025-04,1,2025-04,caida_estructural,16.51,1.9,26.41,liquidez +14.0; trayectoria +5.6,26.4,0.0,GROUP_0111,22,22,7.507,0.967,1.0,alta,1,68.41,1.0,1.0,1.0,,1.0
COMP_0163,52.96,52.81,ESTABLE,ESTABLE,45.35,1,critica,1,2024-12,1,2025-06,bache,23.84,1.75,-2.95,trayectoria +5.6; colchon -5.5,-2.93,0.0,GROUP_0094,22,22,7.507,0.967,1.0,alta,1,33.8,,,,,
COMP_1172,52.96,52.78,ESTABLE,DETERIORANDO,37.61,1,vigilancia,1,2026-05,1,2026-08,bache,29.81,1.9,19.03,liquidez +14.4; eficiencia +7.1,19.03,0.0,GROUP_0053,14,14,6.085,0.974,1.0,alta,1,57.13,0.0,1.0,,2.0,
COMP_0868,52.92,52.77,ESTABLE,ESTABLE,52.73,1,vigilancia,0,2024-11,1,2026-06,caida_estructural,13.29,1.44,2.1,trayectoria +4.3; liquidez +3.1,3.71,0.0,GROUP_0096,22,22,7.507,0.967,1.0,alta,1,52.81,,,,,
COMP_0697,52.84,52.69,ESTABLE,ESTABLE,44.33,1,vigilancia,0,2025-12,1,2025-12,caida_estructural,8.52,1.99,-2.88,colchon -1.7; trayectoria +1.2,-1.29,0.0,GROUP_0132,22,22,7.507,0.967,1.0,alta,1,54.09,,,,,
COMP_0174,52.76,52.59,ESTABLE,ESTABLE,55.86,1,vigilancia,0,2026-03,1,2026-03,bache,19.2,1.98,2.95,eficiencia +3.2; colchon -0.9,2.97,0.0,GROUP_0017,22,22,7.507,0.967,1.0,alta,1,53.35,0.0,1.0,,,
COMP_1277,52.73,52.54,ESTABLE,MEJORANDO,63.59,1,nivel_bajo,1,2025-11,1,2025-11,bache,23.4,1.41,-12.27,deuda_comercial -9.1; liquidez -3.1,-12.26,0.0,GROUP_0200,17,17,6.483,0.958,1.0,alta,1,36.72,,,,,
COMP_0576,52.66,52.4,ESTABLE,DETERIORANDO,40.31,1,critica,0,2026-01,0,,,,,-2.39,deuda_comercial -5.1; cobro_clientes +2.9,-2.37,0.0,GROUP_0044,8,8,5.178,1.0,1.0,media,1,63.29,0.0,1.0,,,
COMP_0450,52.65,52.46,ESTABLE,ESTABLE,44.98,1,critica,0,2024-12,0,,,,,-0.52,deuda_comercial +5.2; liquidez -4.1,-0.51,0.0,GROUP_0202,22,22,6.891,0.961,0.977,alta,1,54.21,,,,,
COMP_0453,52.62,52.41,ESTABLE,ESTABLE,51.2,1,vigilancia,0,2025-04,1,2025-08,bache,25.27,1.52,0.52,colchon +1.9; eficiencia -1.0,0.53,0.0,GROUP_0023,18,18,6.268,0.96,1.0,alta,1,52.05,1.0,1.0,4.0,1.0,3.0
COMP_0883,52.55,52.36,ESTABLE,DETERIORANDO,41.98,1,critica,1,2025-03,1,2025-03,bache,13.66,1.44,1.88,deuda_comercial -3.2; colchon +1.9,-0.51,0.0,GROUP_0194,22,22,7.195,0.94,0.947,alta,1,26.46,,,,,
COMP_0740,52.54,52.12,ESTABLE,ESTABLE,44.69,1,critica,1,2026-01,0,,,,,-23.26,eficiencia -9.1; colchon -8.1,-23.27,0.0,GROUP_0044,8,8,3.355,0.955,1.0,media,1,40.23,0.0,1.0,,7.0,
COMP_1079,52.53,52.34,ESTABLE,MEJORANDO,66.24,1,nivel_bajo,0,2025-09,0,,,,,-7.41,deuda_comercial -5.3; colchon -1.5,-7.41,0.0,GROUP_0141,22,22,7.507,0.967,1.0,alta,1,53.77,0.0,1.0,,2.0,
COMP_0049,52.51,52.32,ESTABLE,ESTABLE,55.91,1,nivel_bajo,0,2026-03,0,,,,,1.61,deuda_comercial +3.3; colchon -1.8,1.62,0.0,GROUP_0180,20,20,7.314,0.964,1.0,alta,1,72.43,,,,,
COMP_0602,52.51,52.29,ESTABLE,DETERIORANDO,37.67,1,vigilancia,0,2025-09,1,2025-09,bache,20.22,2.22,-3.38,liquidez -3.1; colchon -1.4,-3.37,0.0,GROUP_0103,17,17,6.483,0.958,1.0,alta,1,42.45,,,,,
COMP_0644,52.49,51.84,ESTABLE,ESTABLE,43.7,1,vigilancia,0,2026-06,1,2026-07,bache,34.29,1.39,6.95,eficiencia +7.0; liquidez +3.1,6.95,0.0,GROUP_0236,6,6,2.182,0.88,0.88,media,1,52.55,1.0,1.0,1.0,,1.0
COMP_1223,52.37,52.16,ESTABLE,ESTABLE,48.74,1,vigilancia,1,2025-03,1,2025-03,bache,9.32,1.48,3.9,colchon +2.4; trayectoria +1.7,3.91,0.0,GROUP_0141,22,22,7.507,0.967,1.0,alta,1,51.21,,,,,
COMP_0246,52.34,52.13,ESTABLE,DETERIORANDO,34.96,1,nivel_bajo,0,2025-09,1,2025-11,bache,28.47,1.75,9.47,liquidez +8.3; colchon +1.5,11.09,0.0,GROUP_0213,22,22,7.507,0.967,1.0,alta,1,44.5,,,,,
COMP_0314,52.33,52.11,ESTABLE,ESTABLE,47.07,1,critica,0,2025-04,0,,,,,4.73,deuda_comercial +11.6; liquidez -5.8,4.72,0.0,GROUP_0101,22,22,7.293,0.959,1.0,alta,1,67.02,0.0,1.0,,,
COMP_0928,52.32,52.01,ESTABLE,ESTABLE,55.75,1,vigilancia,0,2025-12,1,2025-12,bache,28.67,1.59,2.82,eficiencia +3.8; colchon -1.7,2.81,0.0,GROUP_0131,13,13,5.113,0.945,1.0,alta,1,55.74,0.0,1.0,,,
COMP_1067,52.32,52.1,ESTABLE,ESTABLE,56.92,1,vigilancia,0,2025-07,1,2026-06,bache,16.87,1.58,-0.95,liquidez -2.7; trayectoria +1.6,-0.93,0.0,GROUP_0211,15,15,6.937,0.988,1.0,alta,1,58.68,0.0,1.0,,,
COMP_0457,52.29,52.05,ESTABLE,ESTABLE,43.76,1,critica,0,2025-03,0,,,,,-8.47,eficiencia -3.4; liquidez -3.1,-8.46,0.0,GROUP_0129,19,19,6.771,0.953,1.0,alta,1,45.57,0.0,1.0,,,
COMP_1141,52.25,51.7,ESTABLE,ESTABLE,53.02,1,vigilancia,0,2026-02,0,,,,,9.16,trayectoria +4.1; liquidez +3.1,9.14,0.0,GROUP_0009,8,8,2.961,0.91,0.97,media,1,58.04,1.0,1.0,3.0,,3.0
COMP_1255,52.24,51.7,ESTABLE,DETERIORANDO,35.19,1,vigilancia,0,2025-01,0,,,,,,,,,GROUP_0194,8,8,2.961,0.91,0.97,media,1,44.78,,,,,
COMP_0472,52.22,51.85,ESTABLE,DETERIORANDO,37.65,1,critica,1,2026-08,0,,,,,-7.37,cobro_clientes -5.0; deuda_comercial -1.2,-7.36,0.0,GROUP_0044,8,8,4.431,1.0,1.0,media,1,38.92,0.0,1.0,,,
COMP_0621,52.21,51.97,ESTABLE,ESTABLE,44.81,1,vigilancia,0,2025-07,0,,,,,4.34,eficiencia +2.0; colchon +1.7,4.33,0.0,GROUP_0211,15,15,6.961,1.0,1.0,alta,1,62.42,1.0,2.0,5.0,2.0,3.0
COMP_1126,52.15,51.37,ESTABLE,ESTABLE,45.72,1,vigilancia,0,2026-07,1,2026-07,bache,29.45,1.51,-6.15,liquidez -3.1; trayectoria -2.4,-6.13,0.0,GROUP_0149,6,6,2.182,0.88,0.88,media,1,42.84,0.0,1.0,,,
COMP_0803,52.04,51.8,ESTABLE,DETERIORANDO,41.28,1,critica,0,2024-11,0,,,,,3.43,trayectoria +3.1; deuda_comercial +2.7,3.41,0.0,GROUP_0231,22,22,7.507,0.967,1.0,alta,1,56.33,0.0,1.0,,1.0,
COMP_0022,52.02,51.78,ESTABLE,MEJORANDO,58.31,1,vigilancia,0,2025-12,1,2025-12,bache,19.7,1.7,1.09,colchon +0.8; trayectoria +0.6,1.08,0.0,GROUP_0065,22,22,7.507,0.967,1.0,alta,1,55.54,0.0,2.0,,2.0,
COMP_0594,52.02,51.78,ESTABLE,MEJORANDO,60.34,1,critica,0,2025-03,0,,,,,-14.8,liquidez -8.3; colchon -4.6,-14.76,0.0,GROUP_0090,22,22,7.507,0.967,1.0,alta,1,50.79,0.0,1.0,,11.0,
COMP_0010,51.97,51.72,EN RIESGO,DETERIORANDO,38.41,1,nivel_bajo,1,2025-02,1,2025-05,bache,30.25,1.34,-1.06,eficiencia -1.0,-1.04,0.0,GROUP_0013,21,21,7.346,0.966,1.0,alta,1,27.18,,,,,
COMP_0431,51.86,51.58,EN RIESGO,ESTABLE,45.98,1,vigilancia,1,2025-03,1,2026-07,bache,37.41,1.8,7.55,colchon +4.9; eficiencia +2.0,7.53,0.0,GROUP_0102,19,19,6.964,0.962,1.0,alta,1,56.16,1.0,1.0,1.0,3.0,-2.0
COMP_1104,51.86,50.97,EN RIESGO,MEJORANDO,72.14,1,vigilancia,1,2026-04,0,,,,,-1.63,trayectoria -1.7,-1.63,0.0,GROUP_0107,6,6,2.148,0.85,0.85,media,1,51.56,0.0,1.0,,1.0,
COMP_1075,51.8,51.13,EN RIESGO,MEJORANDO,60.84,1,vigilancia,0,2026-02,1,2026-05,bache,21.7,1.51,1.82,eficiencia +3.2; colchon -1.1,1.82,0.0,GROUP_0022,8,8,2.961,0.91,0.97,media,1,50.77,1.0,1.0,3.0,,3.0
COMP_1100,51.8,51.44,EN RIESGO,DETERIORANDO,41.18,1,vigilancia,0,2025-07,0,,,,,3.51,eficiencia +5.3; colchon -1.3,3.48,0.0,GROUP_0070,14,14,5.549,0.979,1.0,alta,1,63.62,1.0,2.0,5.0,6.0,-1.0
COMP_0008,51.76,51.44,EN RIESGO,MEJORANDO,59.85,1,nivel_bajo,0,2026-03,0,,,,,-0.86,trayectoria -1.2; colchon +0.6,-0.87,0.0,GROUP_0195,12,12,6.337,0.97,1.0,alta,1,48.54,0.0,1.0,,3.0,
COMP_0708,51.76,51.41,EN RIESGO,DETERIORANDO,35.87,1,critica,1,2025-12,0,,,,,2.14,eficiencia +3.2; trayectoria -0.7,2.14,0.0,GROUP_0196,9,9,5.575,1.0,1.0,media,1,29.57,1.0,1.0,8.0,2.0,6.0
COMP_1018,51.72,51.29,EN RIESGO,ESTABLE,54.78,1,nivel_bajo,0,2025-12,0,,,,,-3.26,trayectoria -3.1,-3.25,0.0,GROUP_0060,11,11,4.605,0.967,1.0,media,1,49.38,,,,,
COMP_0057,51.69,51.08,EN RIESGO,MEJORANDO,65.96,1,critica,0,2026-01,0,,,,,1.09,eficiencia -2.0; trayectoria +1.8,1.09,0.0,GROUP_0122,8,8,3.355,0.955,1.0,media,1,59.59,1.0,1.0,1.0,4.0,-3.0
COMP_0219,51.68,51.4,EN RIESGO,DETERIORANDO,40.96,1,nivel_bajo,1,2024-11,0,,,,,-16.67,deuda_comercial -4.8; eficiencia -3.4,-12.64,0.0,GROUP_0132,22,22,7.507,0.967,1.0,alta,1,39.3,0.0,1.0,,,
COMP_0756,51.65,51.22,EN RIESGO,DETERIORANDO,40.85,1,vigilancia,0,2026-02,0,,,,,-1.48,eficiencia -2.0,-1.47,0.0,GROUP_0104,7,7,4.733,1.0,1.0,media,1,53.94,0.0,1.0,,,
COMP_0378,51.63,50.99,EN RIESGO,DETERIORANDO,41.83,1,vigilancia,0,2026-05,1,2026-05,bache,24.5,1.56,-3.51,deuda_comercial -4.3; colchon +1.1,-3.51,0.0,GROUP_0234,8,8,3.211,0.955,1.0,media,1,46.14,,,,,
COMP_0047,51.62,51.33,EN RIESGO,DETERIORANDO,39.12,1,critica,0,2025-06,1,2025-09,bache,22.94,1.41,-1.52,"colchon +10.0; cobro_clientes -5.3 (cambio dominado por datos nuevos, no por comportamiento)",-4.18,7.54,GROUP_0018,20,20,7.223,0.957,0.977,alta,1,49.09,0.0,1.0,,,
COMP_0675,51.59,51.26,EN RIESGO,ESTABLE,45.77,1,vigilancia,0,2025-09,0,,,,,-9.51,liquidez -4.1; eficiencia -3.4,-9.52,0.0,GROUP_0023,12,12,6.426,1.0,1.0,alta,1,56.74,0.0,1.0,,4.0,
COMP_0469,51.58,51.22,EN RIESGO,ESTABLE,44.74,1,vigilancia,0,2025-12,0,,,,,2.13,trayectoria +3.5; deuda_comercial -0.6,2.13,0.0,GROUP_0149,10,10,5.929,1.0,1.0,media,1,47.06,1.0,1.0,4.0,2.0,2.0
COMP_0331,51.57,51.18,EN RIESGO,DETERIORANDO,37.71,1,nivel_bajo,0,2025-01,0,,,,,-2.12,deuda_comercial -3.5; trayectoria +1.3,-2.15,0.0,GROUP_0096,21,21,5.452,0.85,0.71,media,1,50.44,,,,,
COMP_1251,51.57,51.18,EN RIESGO,DETERIORANDO,33.94,1,critica,0,2025-04,1,2025-12,bache,27.4,1.39,,,,,GROUP_0217,17,17,5.458,0.893,0.863,alta,1,38.16,0.0,1.0,,,
COMP_0250,51.54,51.25,EN RIESGO,DETERIORANDO,31.98,1,critica,1,2025-09,1,2025-09,caida_estructural,9.67,1.32,-5.19,deuda_comercial -5.0; colchon +1.0,-5.18,0.0,GROUP_0065,22,22,7.507,0.967,1.0,alta,1,27.3,0.0,1.0,,,
COMP_0574,51.54,51.25,EN RIESGO,DETERIORANDO,32.11,1,vigilancia,1,2025-02,1,2025-11,bache,23.69,2.34,-3.26,liquidez -3.1; trayectoria -2.5,-3.25,0.0,GROUP_0197,22,22,7.507,0.967,1.0,alta,1,43.64,,,,,
COMP_0747,51.54,51.18,EN RIESGO,ESTABLE,44.61,1,critica,1,2026-03,1,2026-03,bache,14.27,2.24,-5.62,trayectoria -3.8; colchon -1.9,-5.62,0.0,GROUP_0172,15,15,5.877,0.952,1.0,alta,1,41.96,0.0,1.0,,,
COMP_0184,51.49,50.92,EN RIESGO,DETERIORANDO,33.94,1,vigilancia,1,2026-01,0,,,,,18.09,colchon +9.8; liquidez +5.8,18.11,0.0,GROUP_0044,8,8,3.795,0.955,1.0,media,1,57.46,,,,,
COMP_1234,51.49,51.19,EN RIESGO,MEJORANDO,67.07,1,critica,0,2024-12,1,2025-10,bache,13.89,1.42,-17.42,liquidez -14.0; trayectoria -2.3,-17.39,0.0,GROUP_0142,22,22,7.321,0.967,1.0,alta,1,43.66,,,,,
COMP_0023,51.48,51.18,EN RIESGO,ESTABLE,49.82,1,critica,0,2025-03,0,,,,,19.95,liquidez +8.3; deuda_comercial +4.9,19.95,0.0,GROUP_0237,18,18,7.253,0.99,1.0,alta,1,59.69,,,,,
COMP_1059,51.42,50.98,EN RIESGO,ESTABLE,52.06,1,vigilancia,0,2025-12,1,2025-12,bache,33.59,1.56,-3.44,trayectoria -1.9; colchon -1.5,-3.44,0.0,GROUP_0131,13,13,5.113,0.945,1.0,alta,1,48.59,0.0,1.0,,,
COMP_0680,51.4,50.7,EN RIESGO,ESTABLE,50.27,1,nivel_bajo,0,2025-11,0,,,,,11.87,liquidez +14.4; trayectoria -4.5,11.85,0.0,GROUP_0089,10,10,3.186,0.91,1.0,media,1,62.68,,,,,
COMP_0142,51.37,51.05,EN RIESGO,ESTABLE,49.61,1,critica,1,2025-06,1,2025-06,bache,31.08,2.01,-6.62,eficiencia -3.8; trayectoria -2.9,-6.62,0.0,GROUP_0217,19,19,7.131,0.962,1.0,alta,1,32.19,0.0,1.0,,1.0,
COMP_1195,51.33,50.44,EN RIESGO,ESTABLE,45.27,1,critica,1,2026-04,0,,,,,-4.81,liquidez -2.7; trayectoria -1.1,-4.83,0.0,GROUP_0171,7,7,2.594,0.897,0.94,media,1,41.67,0.0,1.0,,,
COMP_0975,51.25,50.94,EN RIESGO,ESTABLE,45.33,1,vigilancia,0,2025-02,1,2025-05,bache,16.8,1.67,3.75,liquidez -4.1; colchon +3.6,3.75,0.0,GROUP_0237,22,22,7.507,0.967,1.0,alta,1,52.23,0.0,1.0,,2.0,
COMP_0921,51.16,50.48,EN RIESGO,DETERIORANDO,39.82,1,critica,1,2026-04,1,2026-04,bache,19.51,1.29,-10.92,trayectoria -4.6; liquidez +4.1,-10.91,0.0,GROUP_0183,10,10,3.603,0.946,1.0,media,1,37.58,,,,,
COMP_0461,51.14,50.81,EN RIESGO,ESTABLE,52.97,1,nivel_bajo,0,2024-12,1,2025-12,caida_estructural,22.68,2.35,22.36,liquidez +5.8; trayectoria +5.1,22.36,0.0,GROUP_0070,22,22,7.507,0.967,1.0,alta,1,74.14,0.0,1.0,,2.0,
COMP_0798,51.06,50.73,EN RIESGO,ESTABLE,46.26,1,nivel_bajo,1,2025-04,1,2025-04,bache,24.6,1.48,6.5,trayectoria +6.5; eficiencia -3.8,6.52,0.0,GROUP_0057,22,22,7.507,0.967,1.0,alta,1,41.05,0.0,1.0,,,
COMP_0849,51.01,50.48,EN RIESGO,ESTABLE,48.79,1,nivel_bajo,0,2026-01,0,,,,,-14.18,liquidez -9.9; eficiencia -3.4,-13.36,0.0,GROUP_0246,8,8,4.827,0.91,0.97,media,1,43.62,0.0,1.0,,,
COMP_0668,50.97,49.96,EN RIESGO,DETERIORANDO,40.24,1,nivel_bajo,0,2026-05,0,,,,,29.18,liquidez +17.1; eficiencia +7.0,29.19,0.0,GROUP_0048,8,8,2.547,0.955,1.0,media,1,62.61,0.0,1.0,,2.0,
COMP_0960,50.93,50.58,EN RIESGO,ESTABLE,46.77,1,critica,0,2025-03,0,,,,,29.0,eficiencia +12.3; trayectoria +5.7,28.99,0.0,GROUP_0137,21,21,7.346,0.966,1.0,alta,1,79.83,0.0,2.0,,7.0,
COMP_0050,50.89,50.26,EN RIESGO,DETERIORANDO,18.23,1,critica,1,2025-10,0,,,,,-16.85,eficiencia -11.3; liquidez -5.8,-16.84,0.0,GROUP_0230,12,12,4.245,0.94,1.0,alta,1,36.99,1.0,1.0,5.0,7.0,-2.0
COMP_0858,50.89,50.01,EN RIESGO,ESTABLE,55.67,1,nivel_bajo,0,2026-03,0,,,,,-11.03,eficiencia -7.0; colchon -4.4,-10.99,0.0,GROUP_0048,8,8,3.015,0.955,1.0,media,1,42.86,,,,,
COMP_0709,50.83,49.79,EN RIESGO,ESTABLE,49.02,1,critica,1,2026-07,0,,,,,1.15,trayectoria +3.1; liquidez -3.1,1.16,0.0,GROUP_0040,7,7,2.594,0.897,0.94,media,1,39.94,,,,,
COMP_0117,50.81,50.44,EN RIESGO,DETERIORANDO,38.11,1,critica,0,2024-11,0,,,,,-7.08,liquidez -8.3; deuda_comercial +5.6,-7.07,0.0,GROUP_0101,22,22,7.298,0.967,1.0,alta,1,50.74,0.0,1.0,,2.0,
COMP_0820,50.8,50.44,EN RIESGO,DETERIORANDO,40.06,1,vigilancia,0,2025-04,1,2025-04,bache,6.25,1.33,5.38,trayectoria +4.2; eficiencia +3.2,5.38,0.0,GROUP_0158,22,22,7.507,0.967,1.0,alta,1,49.74,0.0,1.0,,,
COMP_0344,50.78,50.36,EN RIESGO,ESTABLE,43.57,1,critica,0,2025-06,1,2026-03,bache,25.83,1.74,18.65,liquidez +14.0; eficiencia +5.3,18.66,0.0,GROUP_0211,15,15,6.42,1.0,1.0,alta,1,70.11,0.0,1.0,,,
COMP_0678,50.77,50.34,EN RIESGO,DETERIORANDO,31.49,1,critica,0,2025-03,1,2026-01,caida_estructural,14.39,1.52,,,,,GROUP_0154,18,18,6.355,0.941,0.977,alta,1,28.63,,,,,
COMP_0064,50.75,49.49,EN RIESGO,DETERIORANDO,26.36,1,nivel_bajo,1,2026-08,0,,,,,-8.84,deuda_comercial -19.2; cobro_clientes -10.4,-8.85,0.0,GROUP_0174,6,6,2.182,0.88,0.88,media,1,35.7,,,,,
COMP_0181,50.71,50.34,EN RIESGO,DETERIORANDO,41.76,1,critica,1,2025-03,1,2025-03,bache,23.23,1.32,-8.81,cobro_clientes -4.6; trayectoria -2.3,-8.81,0.0,GROUP_0045,22,22,7.507,0.967,1.0,alta,1,34.14,0.0,1.0,,5.0,
COMP_1069,50.69,50.32,EN RIESGO,ESTABLE,48.86,1,vigilancia,0,2024-12,0,,,,,-17.57,eficiencia -9.1; liquidez -5.8,-17.59,0.0,GROUP_0155,22,22,7.495,0.961,1.0,alta,1,45.06,0.0,1.0,,7.0,
COMP_0466,50.68,50.25,EN RIESGO,ESTABLE,43.62,1,critica,0,2025-08,1,2025-08,bache,26.14,1.8,4.36,cobro_clientes -9.0; liquidez +8.3,4.37,0.0,GROUP_0200,17,17,6.483,0.958,1.0,alta,1,44.76,0.0,1.0,,,
COMP_0634,50.61,49.31,EN RIESGO,MEJORANDO,58.67,1,vigilancia,0,2026-03,1,2026-06,bache,10.04,1.78,,,,,GROUP_0022,6,6,2.182,0.88,0.88,media,1,45.15,1.0,1.0,3.0,,3.0
COMP_0788,50.56,50.18,EN RIESGO,MEJORANDO,59.01,1,critica,0,2025-02,1,2025-08,caida_estructural,10.66,1.35,-6.84,eficiencia -3.8; deuda_comercial -3.2,-7.64,0.0,GROUP_0045,22,22,7.507,0.967,1.0,alta,1,45.41,,,,,
COMP_1235,50.5,50.03,EN RIESGO,ESTABLE,57.74,1,critica,1,2025-10,0,,,,,-10.34,liquidez -4.1; eficiencia -3.4,-10.36,0.0,GROUP_0054,11,11,6.244,1.0,1.0,media,1,40.15,0.0,1.0,,,
COMP_0952,50.47,50.02,EN RIESGO,ESTABLE,43.41,1,nivel_bajo,0,2025-08,1,2025-08,bache,17.1,1.3,-1.65,colchon -1.3,-1.66,0.0,GROUP_0103,17,17,6.483,0.958,1.0,alta,1,48.39,0.0,1.0,,2.0,
COMP_0856,50.43,50.03,EN RIESGO,ESTABLE,55.15,1,critica,0,2025-01,0,,,,,6.22,eficiencia +3.4; colchon -3.1,6.22,0.0,GROUP_0101,21,21,7.478,0.966,1.0,alta,1,50.02,0.0,1.0,,1.0,
COMP_0888,50.43,50.02,EN RIESGO,MEJORANDO,66.15,1,critica,0,2024-11,0,,,,,-9.35,liquidez -2.7; colchon -2.3,-9.34,0.0,GROUP_0142,22,22,7.211,0.967,1.0,alta,1,62.55,0.0,1.0,,7.0,
COMP_1284,50.37,49.37,EN RIESGO,ESTABLE,44.58,1,nivel_bajo,1,2026-01,0,,,,,5.13,eficiencia +3.8; cobro_clientes +0.6,5.12,0.0,GROUP_0149,8,8,3.015,0.955,1.0,media,1,36.83,,,,,
COMP_0752,50.34,48.95,EN RIESGO,ESTABLE,51.13,1,vigilancia,1,2026-06,1,2026-07,bache,12.05,1.51,1.73,eficiencia +3.2; colchon -1.6,1.73,0.0,GROUP_0236,6,6,2.182,0.88,0.88,media,1,48.14,1.0,1.0,1.0,,1.0
COMP_0339,50.28,49.85,EN RIESGO,ESTABLE,42.44,1,critica,1,2025-08,1,2026-04,bache,17.33,1.54,-1.26,colchon -1.7,-1.26,0.0,GROUP_0188,16,16,7.163,1.0,1.0,alta,1,33.62,,,,,
COMP_0641,50.25,49.83,EN RIESGO,MEJORANDO,64.3,1,critica,0,2024-11,0,,,,,-16.44,eficiencia -9.1; deuda_comercial -4.1,-16.44,0.0,GROUP_0132,22,22,7.501,0.959,1.0,alta,1,50.09,0.0,1.0,,1.0,
COMP_0862,50.22,49.8,EN RIESGO,ESTABLE,45.76,1,critica,1,2025-04,1,2025-04,caida_estructural,12.98,1.44,-10.03,liquidez -4.1; colchon -2.0,-6.0,0.0,GROUP_0132,22,22,7.507,0.967,1.0,alta,1,33.76,,,,,
COMP_0328,50.21,48.76,EN RIESGO,DETERIORANDO,36.31,1,vigilancia,1,2026-04,1,2026-08,bache,22.45,1.3,5.06,eficiencia +3.2; colchon +1.7,5.05,0.0,GROUP_0136,6,6,2.182,0.88,0.88,media,1,51.52,,,,,
COMP_0443,50.19,48.73,EN RIESGO,DETERIORANDO,34.38,0,,0,,0,,,,,1.29,eficiencia +3.2; colchon -2.6,1.3,0.0,GROUP_0143,6,6,2.182,0.88,0.88,media,1,45.2,0.0,1.0,,,
COMP_0796,50.19,49.77,EN RIESGO,MEJORANDO,62.38,1,critica,0,2025-03,1,2025-03,bache,19.49,1.92,-6.35,deuda_comercial -6.9; colchon +1.9,-6.35,0.0,GROUP_0160,22,22,7.507,0.967,1.0,alta,1,67.66,,,,,
COMP_1157,50.15,49.17,EN RIESGO,MEJORANDO,59.27,1,vigilancia,0,2026-01,0,,,,,6.85,eficiencia +3.2; trayectoria +2.5,6.84,0.0,GROUP_0150,9,9,3.288,0.92,1.0,media,1,53.62,1.0,1.0,3.0,,3.0
COMP_0073,50.14,49.7,EN RIESGO,ESTABLE,42.09,1,critica,0,2025-01,0,,,,,-4.71,liquidez -2.7; eficiencia -2.0,-4.7,0.0,GROUP_0101,22,22,7.293,0.959,1.0,alta,1,56.15,0.0,1.0,,1.0,
COMP_0993,50.13,49.66,EN RIESGO,MEJORANDO,66.19,1,critica,0,2025-05,1,2025-05,caida_estructural,12.09,1.28,-0.22,trayectoria -0.5,-0.22,0.0,GROUP_0226,20,20,6.846,0.964,1.0,alta,1,64.72,0.0,1.0,,,
COMP_0931,50.12,49.69,EN RIESGO,ESTABLE,52.34,1,critica,0,2025-01,1,2025-04,bache,19.58,1.69,2.51,colchon +3.2; cobro_clientes -2.1,2.51,0.0,GROUP_0084,22,22,7.501,0.959,1.0,alta,1,62.7,0.0,1.0,,,
COMP_1061,50.12,49.69,EN RIESGO,MEJORANDO,58.94,1,vigilancia,1,2025-04,1,2025-04,caida_estructural,18.2,2.01,25.99,liquidez +17.1; eficiencia +7.1,25.98,0.0,GROUP_0111,22,22,7.507,0.967,1.0,alta,1,61.97,0.0,1.0,,,
COMP_0699,50.09,49.65,EN RIESGO,DETERIORANDO,26.64,1,critica,1,2025-01,1,2025-08,bache,19.03,1.44,-1.65,colchon -1.4,-1.66,0.0,GROUP_0158,21,21,7.346,0.966,1.0,alta,1,40.05,0.0,1.0,,,
COMP_0379,50.06,49.59,EN RIESGO,DETERIORANDO,32.8,1,critica,1,2025-07,1,2026-05,bache,24.43,2.16,-14.35,liquidez -6.1; trayectoria -3.0,-11.96,0.0,GROUP_0112,22,22,6.902,0.932,0.87,alta,1,30.8,,,,,
COMP_1169,50.03,49.59,EN RIESGO,DETERIORANDO,34.11,1,critica,1,2025-01,0,,,,,-5.88,colchon -4.3; cobro_clientes -3.2,-5.88,0.0,GROUP_0095,21,21,7.478,0.966,1.0,alta,1,32.48,0.0,1.0,,,
COMP_1202,49.98,49.54,EN RIESGO,ESTABLE,49.3,1,critica,0,2024-12,0,,,,,-1.54,colchon -1.7,-1.55,0.0,GROUP_0115,22,22,7.507,0.967,1.0,alta,1,48.37,1.0,1.0,3.0,2.0,1.0
COMP_0454,49.96,49.52,EN RIESGO,DETERIORANDO,39.59,1,critica,1,2024-12,1,2025-07,bache,21.73,1.34,-6.95,eficiencia +3.8; trayectoria -3.3,-6.96,0.0,GROUP_0112,22,22,7.507,0.967,1.0,alta,1,23.42,,,,,
COMP_0269,49.95,48.38,EN RIESGO,ESTABLE,45.84,1,nivel_bajo,0,2025-07,0,,,,,,,,,GROUP_0156,8,8,2.125,0.852,0.923,media,1,43.67,0.0,1.0,,2.0,
COMP_0059,49.9,49.42,EN RIESGO,ESTABLE,46.36,1,critica,1,2024-11,1,2025-12,bache,22.4,1.97,-24.95,liquidez -17.1; trayectoria -5.0,-24.95,0.0,GROUP_0101,22,22,7.169,0.959,1.0,alta,1,32.6,1.0,1.0,3.0,4.0,-1.0
COMP_1173,49.9,49.41,EN RIESGO,ESTABLE,53.8,1,nivel_bajo,0,2025-04,1,2025-04,caida_estructural,36.54,2.02,15.79,liquidez +17.1; eficiencia +10.4,15.78,0.0,GROUP_0202,22,22,6.776,0.967,1.0,alta,1,60.08,0.0,1.0,,,
COMP_0608,49.81,48.23,EN RIESGO,ESTABLE,57.06,1,critica,1,2026-07,1,2026-07,bache,25.89,1.91,-5.44,cobro_clientes -10.9; liquidez +8.3,-5.42,0.0,GROUP_0174,6,6,2.182,0.88,0.88,media,1,39.75,0.0,1.0,,,
COMP_0633,49.8,48.22,EN RIESGO,DETERIORANDO,28.9,0,,0,,0,,,,,,,,,GROUP_0130,6,6,2.182,0.88,0.88,media,1,44.19,0.0,1.0,,,
COMP_0277,49.78,48.19,EN RIESGO,ESTABLE,55.52,1,critica,0,2026-06,0,,,,,-1.91,eficiencia +3.2; trayectoria -2.6,-1.89,0.0,GROUP_0236,6,6,2.182,0.88,0.88,media,1,48.5,0.0,1.0,,1.0,
COMP_0905,49.75,49.28,EN RIESGO,DETERIORANDO,38.33,1,vigilancia,0,2025-04,1,2025-04,bache,29.11,1.26,1.99,trayectoria +1.6; colchon +1.4,1.99,0.0,GROUP_0065,21,21,7.346,0.966,1.0,alta,1,44.59,1.0,1.0,1.0,,1.0
COMP_0055,49.73,49.05,EN RIESGO,DETERIORANDO,34.78,1,critica,1,2026-01,1,2026-03,bache,34.1,1.87,-21.07,"deuda_comercial -4.1; liquidez +2.5 (cambio dominado por datos nuevos, no por comportamiento)",-4.13,4.4,GROUP_0131,16,16,5.211,0.931,0.9,alta,1,21.04,0.0,1.0,,1.0,
COMP_0887,49.67,48.4,EN RIESGO,DETERIORANDO,34.47,1,nivel_bajo,1,2026-08,0,,,,,-8.4,colchon -10.0; eficiencia -3.2,-8.38,0.0,GROUP_0048,8,8,2.795,0.955,1.0,media,1,36.02,0.0,1.0,,,
COMP_0362,49.65,49.15,EN RIESGO,ESTABLE,43.02,1,critica,1,2025-02,0,,,,,-2.26,trayectoria -1.3; colchon -0.9,-2.25,0.0,GROUP_0142,22,22,7.211,0.967,1.0,alta,1,30.58,,,,,
COMP_0527,49.62,48.88,EN RIESGO,DETERIORANDO,38.03,1,critica,0,2026-01,1,2026-01,bache,33.02,2.07,,,,,GROUP_0108,15,15,4.876,0.952,1.0,alta,1,32.15,,,,,
COMP_0923,49.62,49.14,EN RIESGO,ESTABLE,48.13,1,vigilancia,1,2024-12,0,,,,,1.14,colchon +1.7; trayectoria -0.7,1.14,0.0,GROUP_0126,22,22,7.419,0.967,1.0,alta,1,59.5,0.0,2.0,,12.0,
COMP_0042,49.54,49.05,EN RIESGO,DETERIORANDO,26.26,1,critica,0,2024-11,1,2025-04,bache,24.97,1.91,18.08,liquidez +8.3; colchon +4.3,18.07,0.0,GROUP_0162,22,22,7.507,0.967,1.0,alta,1,48.82,0.0,1.0,,1.0,
COMP_0209,49.54,48.88,EN RIESGO,MEJORANDO,64.58,1,critica,1,2025-12,0,,,,,-13.65,colchon -4.9; liquidez -4.1,-13.67,0.0,GROUP_0221,9,9,5.575,1.0,1.0,media,1,36.52,0.0,1.0,,,
COMP_0573,49.5,48.94,EN RIESGO,DETERIORANDO,28.88,1,critica,1,2024-12,1,2026-06,bache,18.95,1.67,-13.47,colchon -14.4; trayectoria +0.9,-13.48,0.0,GROUP_0132,21,21,6.682,0.952,0.977,alta,1,25.89,1.0,1.0,7.0,8.0,-1.0
COMP_0082,49.41,48.77,EN RIESGO,MEJORANDO,59.55,1,vigilancia,0,2025-07,1,2025-10,bache,7.95,1.38,-1.98,colchon -1.4; trayectoria -0.5,-1.98,0.0,GROUP_0172,15,15,5.877,0.952,1.0,alta,1,48.49,1.0,1.0,3.0,,3.0
COMP_0255,49.41,48.51,EN RIESGO,MEJORANDO,66.06,1,critica,0,2026-01,0,,,,,5.01,deuda_comercial +3.5; cobro_clientes +1.2,5.02,0.0,GROUP_0025,8,8,4.183,1.0,1.0,media,1,58.37,0.0,1.0,,,
COMP_1258,49.34,48.18,EN RIESGO,DETERIORANDO,38.2,1,vigilancia,1,2026-01,0,,,,,11.82,liquidez +7.2; eficiencia +3.4,11.82,0.0,GROUP_0056,9,9,3.288,0.92,1.0,media,1,59.07,0.0,1.0,,2.0,
COMP_1008,49.33,48.82,EN RIESGO,DETERIORANDO,41.29,1,nivel_bajo,0,2025-11,1,2025-11,bache,30.67,2.26,11.03,deuda_comercial +8.2; eficiencia +7.1,12.64,0.0,GROUP_0220,22,22,7.501,0.959,1.0,alta,1,47.85,0.0,2.0,,1.0,
COMP_0967,49.29,48.75,EN RIESGO,ESTABLE,52.39,1,critica,0,2024-12,0,,,,,5.77,eficiencia +10.4; colchon -3.8,7.37,0.0,GROUP_0142,21,21,7.132,0.957,1.0,alta,1,54.7,,,,,
COMP_1176,49.29,48.36,EN RIESGO,ESTABLE,51.64,1,critica,1,2025-12,0,,,,,-9.45,liquidez -4.1; trayectoria -2.8,-9.47,0.0,GROUP_0184,10,10,4.09,0.964,1.0,media,1,37.76,,,,,
COMP_0268,49.21,48.69,EN RIESGO,DETERIORANDO,41.56,1,critica,1,2024-11,1,2025-08,caida_estructural,14.0,1.42,-4.39,deuda_comercial -4.7; trayectoria +0.6,-4.37,0.0,GROUP_0094,22,22,7.507,0.967,1.0,alta,1,39.64,,,,,
COMP_0766,49.21,48.69,EN RIESGO,DETERIORANDO,31.59,1,critica,0,2025-07,1,2025-07,bache,19.48,1.73,-1.48,trayectoria -1.9; eficiencia -1.0,-2.29,0.0,GROUP_0212,22,22,7.507,0.967,1.0,alta,1,42.99,0.0,1.0,,1.0,
COMP_0964,49.17,47.8,EN RIESGO,MEJORANDO,58.36,1,critica,0,2026-05,0,,,,,25.14,eficiencia +7.0; cobro_clientes +5.8,25.12,0.0,GROUP_0039,7,7,2.875,0.949,0.97,media,1,54.75,0.0,2.0,,2.0,
COMP_0955,49.13,48.61,EN RIESGO,ESTABLE,52.61,1,vigilancia,1,2024-12,1,2025-07,caida_estructural,6.05,1.65,1.9,trayectoria +4.6; colchon -1.1,3.51,0.0,GROUP_0035,22,22,7.507,0.967,1.0,alta,1,52.3,0.0,1.0,,,
COMP_0525,49.12,48.59,EN RIESGO,DETERIORANDO,40.72,1,critica,0,2024-12,0,,,,,8.81,trayectoria +3.7; colchon +1.7,6.42,0.0,GROUP_0202,22,22,7.507,0.967,1.0,alta,1,53.43,1.0,1.0,12.0,10.0,2.0
COMP_0323,49.11,48.21,EN RIESGO,MEJORANDO,62.07,1,vigilancia,0,2026-01,0,,,,,1.45,trayectoria +1.0; colchon +0.7,1.47,0.0,GROUP_0122,8,8,4.378,0.978,1.0,media,1,55.88,,,,,
COMP_0201,49.07,48.5,EN RIESGO,ESTABLE,55.13,1,critica,0,2025-03,0,,,,,9.85,colchon +4.3; eficiencia +3.4,9.84,0.0,GROUP_0101,21,21,7.014,0.966,1.0,alta,1,55.99,0.0,1.0,,,
COMP_0278,48.99,48.45,EN RIESGO,DETERIORANDO,22.06,1,critica,1,2025-03,1,2025-03,bache,14.24,1.39,-2.77,colchon -3.2; trayectoria +0.9,-2.79,0.0,GROUP_0162,22,22,7.507,0.967,1.0,alta,1,29.66,,,,,
COMP_0556,48.94,48.32,EN RIESGO,ESTABLE,53.23,1,critica,0,2025-04,0,,,,,-3.24,liquidez +4.1; trayectoria -3.2,-1.63,0.0,GROUP_0237,17,17,6.693,0.958,1.0,alta,1,44.84,,,,,
COMP_0961,48.91,48.34,EN RIESGO,MEJORANDO,65.75,1,critica,0,2025-09,1,2025-09,caida_estructural,14.3,2.7,-10.11,liquidez -5.8; eficiencia -2.0,-10.11,0.0,GROUP_0101,21,21,7.34,0.957,1.0,alta,1,60.68,0.0,1.0,,,
COMP_1282,48.78,48.21,EN RIESGO,ESTABLE,48.22,1,vigilancia,0,2024-11,0,,,,,-26.51,liquidez -11.3; deuda_comercial -8.0,-25.73,0.0,GROUP_0218,22,22,7.507,0.967,1.0,alta,1,42.8,0.0,2.0,,4.0,
COMP_0414,48.77,48.19,EN RIESGO,ESTABLE,47.1,1,critica,1,2025-07,0,,,,,-22.94,liquidez -14.4; trayectoria -4.5,-22.93,0.0,GROUP_0217,19,19,7.293,0.981,1.0,alta,1,24.99,0.0,1.0,,,
COMP_0714,48.71,47.99,EN RIESGO,DETERIORANDO,40.43,1,vigilancia,1,2026-02,1,2026-02,bache,13.45,2.18,3.78,trayectoria +5.2; colchon -1.4,3.78,0.0,GROUP_0172,15,15,5.877,0.952,1.0,alta,1,46.48,0.0,1.0,,,
COMP_0153,48.67,48.02,EN RIESGO,ESTABLE,57.22,1,critica,0,2025-02,0,,,,,,,,,GROUP_0115,18,18,6.612,0.94,0.97,alta,1,100.0,,,,,
COMP_0618,48.66,48.07,EN RIESGO,MEJORANDO,67.64,1,critica,1,2024-12,0,,,,,-34.38,liquidez -17.1; trayectoria -7.5,-34.37,0.0,GROUP_0013,21,21,7.346,0.966,1.0,alta,1,32.29,0.0,1.0,,,
COMP_0318,48.6,47.93,EN RIESGO,MEJORANDO,58.14,1,nivel_bajo,0,2025-04,1,2026-01,bache,20.61,1.53,12.58,liquidez +5.8; colchon +4.0,12.6,0.0,GROUP_0226,17,17,6.483,0.958,1.0,alta,1,62.45,0.0,1.0,,2.0,
COMP_0974,48.57,47.62,EN RIESGO,ESTABLE,44.04,1,critica,1,2025-10,0,,,,,4.77,trayectoria +4.8,4.78,0.0,GROUP_0195,11,11,4.605,0.967,1.0,media,1,40.17,1.0,1.0,9.0,7.0,2.0
COMP_0607,48.56,47.91,EN RIESGO,ESTABLE,43.73,1,critica,1,2025-04,1,2025-09,bache,17.72,1.44,-16.62,liquidez -17.1; cobro_clientes -5.0,-16.6,0.0,GROUP_0023,18,18,6.738,0.96,1.0,alta,1,31.56,2.0,2.0,9.0,6.0,3.0
COMP_0075,48.55,47.96,EN RIESGO,DETERIORANDO,41.23,1,critica,1,2024-12,0,,,,,-11.39,trayectoria -1.1; colchon -0.6,-1.78,0.0,GROUP_0115,22,22,7.507,0.967,1.0,alta,1,33.7,1.0,1.0,8.0,,8.0
COMP_0394,48.52,47.81,EN RIESGO,ESTABLE,48.6,1,critica,1,2025-12,1,2026-06,caida_estructural,12.93,1.49,-4.29,liquidez -4.1; colchon -0.8,-4.3,0.0,GROUP_0224,11,11,6.244,1.0,1.0,media,1,40.76,0.0,1.0,,,
COMP_0764,48.41,47.74,EN RIESGO,MEJORANDO,61.79,1,critica,1,2024-11,0,,,,,-26.63,deuda_comercial -17.0; cobro_clientes -4.6,-26.62,0.0,GROUP_0022,22,22,6.755,0.967,1.0,alta,1,15.58,0.0,1.0,,1.0,
COMP_0143,48.39,47.76,EN RIESGO,DETERIORANDO,18.6,1,critica,1,2024-11,0,,,,,-1.2,,0.4,0.0,GROUP_0146,22,22,7.084,0.961,1.0,alta,1,31.22,0.0,1.0,,1.0,
COMP_1163,48.37,47.74,EN RIESGO,ESTABLE,49.39,1,critica,0,2025-03,1,2025-12,bache,38.34,1.81,8.49,trayectoria +5.1; eficiencia +2.0,8.49,0.0,GROUP_0101,22,22,7.169,0.959,1.0,alta,1,68.0,0.0,2.0,,8.0,
COMP_0721,48.3,47.57,EN RIESGO,ESTABLE,56.51,1,nivel_bajo,1,2025-08,1,2025-08,bache,17.72,1.52,4.32,eficiencia +3.2; trayectoria +3.0,4.3,0.0,GROUP_0113,17,17,6.308,0.958,1.0,alta,1,32.03,0.0,1.0,,2.0,
COMP_0990,48.24,47.34,EN RIESGO,MEJORANDO,79.06,1,critica,0,2026-02,0,,,,,7.17,deuda_comercial +6.1; colchon +3.2,7.18,0.0,GROUP_0211,10,10,5.139,1.0,1.0,media,1,67.44,0.0,2.0,,3.0,
COMP_0081,48.14,47.46,EN RIESGO,ESTABLE,54.3,1,critica,1,2025-03,1,2025-11,bache,22.12,1.78,-8.8,liquidez -4.1; eficiencia -3.8,-8.8,0.0,GROUP_0217,19,19,6.965,0.962,1.0,alta,1,27.62,1.0,1.0,12.0,2.0,10.0
COMP_0191,47.97,47.33,EN RIESGO,DETERIORANDO,41.4,1,critica,0,2024-11,0,,,,,12.54,trayectoria +5.9; eficiencia +3.8,12.54,0.0,GROUP_0132,22,22,7.507,0.967,1.0,alta,1,47.1,0.0,1.0,,1.0,
COMP_0847,47.97,47.33,EN RIESGO,MEJORANDO,62.2,1,nivel_bajo,0,2024-12,1,2026-02,bache,23.26,1.64,10.42,liquidez +7.2; eficiencia +3.8,10.4,0.0,GROUP_0037,22,22,7.507,0.967,1.0,alta,1,50.65,1.0,1.0,3.0,,3.0
COMP_0371,47.94,46.25,EN RIESGO,DETERIORANDO,41.86,1,nivel_bajo,0,2026-03,0,,,,,-0.33,trayectoria +4.4; colchon +2.9,5.27,0.0,GROUP_0122,7,7,2.875,0.949,0.97,media,1,42.09,,,,,
COMP_1279,47.94,47.25,EN RIESGO,ESTABLE,51.7,1,vigilancia,0,2025-03,1,2025-03,caida_estructural,7.33,1.86,-5.37,colchon -2.1; eficiencia +2.0,-1.37,0.0,GROUP_0035,22,22,7.09,0.967,1.0,alta,1,43.65,0.0,1.0,,,
COMP_0906,47.92,45.97,EN RIESGO,ESTABLE,44.02,1,critica,0,2026-03,0,,,,,13.7,"deuda_comercial +6.4; trayectoria +3.0 (cambio dominado por datos nuevos, no por comportamiento)",5.24,7.57,GROUP_0238,7,7,2.503,0.877,0.917,media,1,55.66,,,,,
COMP_0689,47.88,47.12,EN RIESGO,ESTABLE,43.37,1,critica,0,2025-11,1,2025-11,bache,34.97,1.29,9.39,colchon +4.8; deuda_comercial -3.6,9.37,0.0,GROUP_0200,17,17,6.483,0.958,1.0,alta,1,54.51,0.0,1.0,,2.0,
COMP_1274,47.88,46.87,EN RIESGO,ESTABLE,48.16,1,critica,1,2025-07,0,,,,,3.69,"deuda_comercial +2.8; trayectoria +1.9 (cambio dominado por datos nuevos, no por comportamiento)",0.02,4.4,GROUP_0213,15,15,4.873,0.948,0.953,alta,1,31.39,0.0,1.0,,2.0,
COMP_0532,47.87,47.21,EN RIESGO,ESTABLE,55.1,1,vigilancia,0,2025-01,0,,,,,-15.08,eficiencia -13.3; colchon -1.8,-15.06,0.0,GROUP_0017,22,22,7.501,0.959,1.0,alta,1,47.38,,,,,
COMP_0707,47.86,47.21,EN RIESGO,DETERIORANDO,31.73,1,critica,1,2025-07,1,2026-03,caida_estructural,7.62,1.71,-6.44,liquidez -4.1; colchon -1.7,-6.44,0.0,GROUP_0035,22,22,7.507,0.967,1.0,alta,1,35.88,0.0,1.0,,,
COMP_1062,47.85,45.86,EN RIESGO,MEJORANDO,60.36,1,nivel_bajo,1,2026-04,0,,,,,-4.25,colchon -6.2; trayectoria +1.5,-4.27,0.0,GROUP_0048,8,8,2.466,0.887,0.97,media,1,36.3,1.0,1.0,1.0,,1.0
COMP_0452,47.76,46.99,EN RIESGO,DETERIORANDO,35.64,1,critica,0,2025-09,1,2025-09,bache,33.82,1.83,2.55,trayectoria +3.9; colchon -1.4,2.56,0.0,GROUP_0103,17,17,6.483,0.958,1.0,alta,1,43.38,0.0,1.0,,,
COMP_1155,47.71,47.04,EN RIESGO,DETERIORANDO,38.2,1,critica,1,2025-03,0,,,,,-21.44,eficiencia -7.0; deuda_comercial -4.5,-20.65,0.0,GROUP_0150,19,19,7.407,0.981,1.0,alta,1,23.91,,,,,
COMP_0537,47.62,46.39,EN RIESGO,ESTABLE,50.78,1,vigilancia,1,2025-11,1,2026-02,bache,10.88,1.56,-1.97,colchon -1.4; trayectoria -0.5,-1.96,0.0,GROUP_0172,11,11,4.15,0.935,1.0,media,1,43.88,1.0,1.0,7.0,,7.0
COMP_0547,47.61,46.88,EN RIESGO,DETERIORANDO,39.48,1,vigilancia,0,2025-06,0,,,,,-1.62,liquidez -3.1; trayectoria +1.1,-1.63,0.0,GROUP_0023,19,19,6.964,0.962,1.0,alta,1,49.34,0.0,2.0,,2.0,
COMP_0426,47.6,46.58,EN RIESGO,ESTABLE,56.66,1,vigilancia,1,2026-02,0,,,,,31.47,liquidez +17.1; trayectoria +6.0,31.47,0.0,GROUP_0003,8,8,5.008,0.955,1.0,media,1,64.67,1.0,1.0,1.0,,1.0
COMP_0058,47.58,46.59,EN RIESGO,DETERIORANDO,41.64,1,critica,0,2026-02,0,,,,,4.68,liquidez +3.1; trayectoria +2.5,4.69,0.0,GROUP_0104,8,8,5.178,1.0,1.0,media,1,44.99,0.0,1.0,,,
COMP_0894,47.58,46.7,EN RIESGO,MEJORANDO,58.34,1,vigilancia,0,2026-03,0,,,,,-1.44,colchon -1.4,-1.44,0.0,GROUP_0172,15,15,5.877,0.952,1.0,alta,1,45.43,1.0,1.0,1.0,,1.0
COMP_1109,47.57,46.63,EN RIESGO,DETERIORANDO,32.06,1,critica,1,2025-03,1,2025-03,caida_estructural,18.54,2.86,-5.16,deuda_comercial -4.4; trayectoria -0.7,-5.15,0.0,GROUP_0205,22,22,5.473,0.853,0.68,media,1,19.9,,,,,
COMP_0550,47.56,46.53,EN RIESGO,MEJORANDO,63.08,1,vigilancia,0,2026-01,0,,,,,-10.37,trayectoria -3.1; cobro_clientes -2.5,-8.75,0.0,GROUP_0246,8,8,4.97,0.978,1.0,media,1,47.54,0.0,1.0,,,
COMP_0628,47.56,46.88,EN RIESGO,DETERIORANDO,19.4,1,vigilancia,1,2025-04,1,2026-02,bache,20.39,1.68,22.16,liquidez +8.3; eficiencia +7.1,22.16,0.0,GROUP_0013,22,22,7.507,0.967,1.0,alta,1,48.08,1.0,1.0,2.0,1.0,1.0
COMP_0400,47.53,46.77,EN RIESGO,DETERIORANDO,22.32,1,critica,1,2024-12,0,,,,,-13.43,liquidez -11.3; trayectoria -2.1,-13.41,0.0,GROUP_0142,22,22,6.796,0.967,1.0,alta,1,31.6,0.0,1.0,,,
COMP_1078,47.47,46.77,EN RIESGO,DETERIORANDO,26.54,1,critica,1,2024-12,1,2026-02,caida_estructural,10.68,1.31,-1.78,colchon -5.0; trayectoria +4.0,-1.76,0.0,GROUP_0013,22,22,7.507,0.967,1.0,alta,1,27.05,1.0,1.0,3.0,5.0,-2.0
COMP_0366,47.44,46.07,EN RIESGO,ESTABLE,42.66,1,critica,1,2026-01,1,2026-05,bache,13.29,1.29,-39.88,liquidez -17.1; colchon -11.3,-38.3,0.0,GROUP_0119,8,8,3.795,0.955,1.0,media,1,11.95,1.0,1.0,4.0,,4.0
COMP_0467,47.39,46.49,EN RIESGO,ESTABLE,57.33,1,vigilancia,1,2025-10,0,,,,,-3.67,colchon -1.4; trayectoria -0.6,-2.07,0.0,GROUP_0172,15,15,5.877,0.952,1.0,alta,1,44.0,1.0,1.0,1.0,,1.0
COMP_1188,47.36,46.64,EN RIESGO,ESTABLE,52.98,1,critica,1,2025-01,0,,,,,-13.21,eficiencia -8.0; trayectoria -3.6,-13.22,0.0,GROUP_0004,21,21,7.34,0.957,1.0,alta,1,27.6,0.0,1.0,,12.0,
COMP_0632,47.34,45.54,EN RIESGO,ESTABLE,46.25,1,vigilancia,1,2026-03,1,2026-05,bache,7.17,1.5,0.0,,0.0,0.0,GROUP_0172,8,8,2.934,0.887,0.97,media,1,44.02,1.0,1.0,2.0,,2.0
COMP_0869,47.34,46.29,EN RIESGO,DETERIORANDO,24.69,1,critica,0,2025-03,0,,,,,,,,,GROUP_0228,13,13,5.05,0.948,1.0,alta,1,60.95,1.0,1.0,3.0,4.0,-1.0
COMP_0731,47.3,44.86,EN RIESGO,DETERIORANDO,38.46,1,vigilancia,1,2026-05,1,2026-08,bache,44.7,1.72,17.95,liquidez +17.1; trayectoria -3.7,17.95,0.0,GROUP_0149,6,6,2.182,0.88,0.88,media,1,48.91,0.0,1.0,,2.0,
COMP_0736,47.29,45.1,EN RIESGO,DETERIORANDO,31.64,1,vigilancia,1,2026-07,0,,,,,1.59,trayectoria +2.6; colchon -1.0,1.58,0.0,GROUP_0184,6,6,2.433,0.88,0.88,media,1,42.62,,,,,
COMP_0053,47.21,45.28,EN RIESGO,ESTABLE,50.15,1,nivel_bajo,1,2026-06,0,,,,,-18.47,deuda_comercial -15.5; trayectoria -3.4,-18.49,0.0,GROUP_0174,8,8,2.795,0.955,1.0,media,1,21.52,0.0,1.0,,,
COMP_0127,47.21,46.14,EN RIESGO,DETERIORANDO,34.01,1,critica,0,2025-09,0,,,,,5.62,trayectoria +3.5; colchon +2.1,5.62,0.0,GROUP_0064,16,16,5.059,0.909,0.947,alta,1,44.31,,,,,
COMP_0083,47.15,44.61,EN RIESGO,MEJORANDO,69.29,1,nivel_bajo,0,2026-03,0,,,,,10.94,eficiencia +12.3; colchon -4.4,10.93,0.0,GROUP_0133,6,6,2.148,0.85,0.85,media,1,52.78,0.0,1.0,,1.0,
COMP_0695,47.14,46.35,EN RIESGO,MEJORANDO,64.39,1,vigilancia,0,2025-02,0,,,,,3.25,colchon +4.2; trayectoria -0.9,3.26,0.0,GROUP_0084,22,22,6.981,0.967,1.0,alta,1,61.48,0.0,1.0,,,
COMP_0879,47.08,46.1,EN RIESGO,ESTABLE,49.54,1,vigilancia,1,2025-08,0,,,,,-5.02,"trayectoria -6.6; deuda_comercial -4.4 (cambio dominado por datos nuevos, no por comportamiento)",1.25,-8.66,GROUP_0108,16,16,5.565,0.921,0.91,alta,1,46.86,,,,,
COMP_1106,47.08,46.28,EN RIESGO,ESTABLE,47.94,1,nivel_bajo,1,2025-06,0,,,,,1.36,deuda_comercial +4.6; trayectoria -2.1,1.35,0.0,GROUP_0056,18,18,6.924,0.96,1.0,alta,1,36.53,0.0,1.0,,3.0,
COMP_0136,47.05,46.29,EN RIESGO,DETERIORANDO,30.49,1,critica,0,2024-11,0,,,,,3.44,eficiencia +3.4; trayectoria -1.1,1.83,0.0,GROUP_0142,22,22,7.211,0.967,1.0,alta,1,45.05,,,,,
COMP_1207,47.03,46.29,EN RIESGO,ESTABLE,44.95,1,critica,1,2025-03,1,2025-05,caida_estructural,11.03,1.48,-5.0,trayectoria -3.1; colchon -1.9,-5.01,0.0,GROUP_0132,22,22,7.507,0.967,1.0,alta,1,33.85,,,,,
COMP_0189,46.96,46.15,EN RIESGO,DETERIORANDO,36.3,1,critica,1,2025-06,0,,,,,-4.78,liquidez +4.1; colchon -3.4,-4.78,0.0,GROUP_0211,15,15,6.862,1.0,1.0,alta,1,36.16,0.0,1.0,,,
COMP_0427,46.96,46.22,EN RIESGO,DETERIORANDO,33.25,1,critica,1,2025-03,1,2025-04,bache,26.02,1.51,7.72,liquidez +4.1; eficiencia +3.8,7.72,0.0,GROUP_0214,22,22,7.507,0.967,1.0,alta,1,35.5,,,,,
COMP_0911,46.95,46.0,EN RIESGO,ESTABLE,56.58,1,vigilancia,0,2025-10,0,,,,,-0.7,colchon -1.4; eficiencia +1.0,-0.71,0.0,GROUP_0172,15,15,5.877,0.952,1.0,alta,1,45.59,1.0,1.0,5.0,8.0,-3.0
COMP_0945,46.95,46.21,EN RIESGO,DETERIORANDO,36.84,1,nivel_bajo,1,2025-04,1,2025-04,bache,21.92,1.49,2.19,liquidez +4.1; colchon -2.7,2.2,0.0,GROUP_0162,22,22,7.507,0.967,1.0,alta,1,31.13,,,,,
COMP_1077,46.94,46.11,EN RIESGO,MEJORANDO,67.61,1,critica,0,2025-04,0,,,,,-5.43,deuda_comercial +3.2; trayectoria -1.8,-0.64,0.0,GROUP_0081,18,18,6.738,0.96,1.0,alta,1,50.02,1.0,1.0,7.0,5.0,2.0
COMP_0345,46.82,45.72,EN RIESGO,DETERIORANDO,41.66,1,critica,1,2026-01,0,,,,,0.61,deuda_comercial +8.2; cobro_clientes -8.2,0.62,0.0,GROUP_0069,8,8,5.178,1.0,1.0,media,1,34.18,,,,,
COMP_0797,46.81,45.37,EN RIESGO,MEJORANDO,70.98,1,critica,0,2025-12,0,,,,,-12.66,liquidez -4.1; eficiencia -3.4,-12.68,0.0,GROUP_0081,11,11,3.98,0.935,1.0,media,1,46.98,,,,,
COMP_1130,46.74,45.98,EN RIESGO,DETERIORANDO,37.97,1,vigilancia,1,2024-12,1,2025-07,bache,29.29,2.08,2.21,trayectoria +2.2,2.21,0.0,GROUP_0126,22,22,7.507,0.967,1.0,alta,1,44.02,1.0,1.0,9.0,,9.0
COMP_0506,46.68,45.9,EN RIESGO,ESTABLE,55.3,1,critica,1,2025-02,1,2026-06,bache,28.15,1.42,-11.34,liquidez -11.3; trayectoria +3.4,-11.37,0.0,GROUP_0217,19,19,7.423,0.991,1.0,alta,1,37.3,0.0,1.0,,,
COMP_0193,46.63,45.63,EN RIESGO,MEJORANDO,65.15,1,critica,0,2025-10,0,,,,,-4.68,trayectoria -2.7; liquidez -2.7,-4.72,0.0,GROUP_0224,11,11,5.827,1.0,1.0,media,1,59.93,0.0,2.0,,4.0,
COMP_0558,46.63,45.25,EN RIESGO,MEJORANDO,68.91,1,nivel_bajo,0,2026-02,0,,,,,4.62,colchon +4.2,4.6,0.0,GROUP_0026,7,7,4.237,0.949,0.97,media,1,61.97,1.0,2.0,4.0,3.0,1.0
COMP_0543,46.59,45.53,EN RIESGO,ESTABLE,45.36,1,critica,1,2025-09,0,,,,,-5.99,deuda_comercial -5.1; liquidez -4.1,-5.97,0.0,GROUP_0053,14,14,5.544,0.974,1.0,alta,1,38.38,0.0,1.0,,8.0,
COMP_0336,46.58,45.73,EN RIESGO,DETERIORANDO,35.16,1,critica,0,2025-06,0,,,,,15.84,liquidez +11.3; eficiencia +7.1,15.83,0.0,GROUP_0211,15,15,6.862,1.0,1.0,alta,1,44.06,0.0,1.0,,,
COMP_0230,46.49,44.82,EN RIESGO,DETERIORANDO,41.83,1,vigilancia,1,2025-12,0,,,,,3.18,trayectoria +1.7; colchon +1.4,3.17,0.0,GROUP_0213,10,10,3.579,0.928,1.0,media,1,46.35,1.0,1.0,3.0,,3.0
COMP_0577,46.49,45.48,EN RIESGO,ESTABLE,57.69,1,vigilancia,0,2025-09,0,,,,,3.44,eficiencia +3.2,3.45,0.0,GROUP_0172,15,15,5.877,0.952,1.0,alta,1,48.82,1.0,1.0,1.0,,1.0
COMP_1134,46.48,45.69,EN RIESGO,DETERIORANDO,37.75,1,vigilancia,1,2024-12,1,2026-05,bache,27.46,2.23,-0.87,trayectoria -2.3; colchon +2.1,-0.87,0.0,GROUP_0035,22,22,7.507,0.967,1.0,alta,1,47.32,0.0,1.0,,,
COMP_1177,46.38,45.58,EN RIESGO,DETERIORANDO,32.96,1,critica,1,2024-11,0,,,,,-8.63,liquidez -4.1; trayectoria -2.5,-8.62,0.0,GROUP_0120,22,22,7.507,0.967,1.0,alta,1,30.47,1.0,1.0,3.0,4.0,-1.0
COMP_1245,46.35,45.33,EN RIESGO,DETERIORANDO,33.0,1,critica,0,2024-12,0,,,,,,,,,GROUP_0022,17,17,5.89,0.941,0.953,alta,1,21.31,0.0,1.0,,3.0,
COMP_0068,46.33,45.5,EN RIESGO,ESTABLE,49.73,1,critica,1,2024-12,1,2025-09,bache,22.9,1.25,-20.73,liquidez -7.2; eficiencia -7.1,-20.72,0.0,GROUP_0142,22,22,7.321,0.967,1.0,alta,1,30.38,2.0,2.0,6.0,4.0,2.0
COMP_0713,46.31,45.39,EN RIESGO,DETERIORANDO,28.49,1,critica,1,2025-05,1,2025-05,caida_estructural,10.87,1.49,-10.95,deuda_comercial -8.8; trayectoria -2.3,-10.96,0.0,GROUP_0023,21,21,6.576,0.957,1.0,alta,1,40.66,,,,,
COMP_0223,46.3,44.93,EN RIESGO,DETERIORANDO,30.56,1,nivel_bajo,0,2025-05,0,,,,,,,,,GROUP_0078,13,13,4.429,0.898,0.953,alta,1,41.8,,,,,
COMP_0332,46.3,43.51,EN RIESGO,ESTABLE,54.72,1,nivel_bajo,0,2026-06,0,,,,,12.7,liquidez +9.9; colchon +3.9,12.69,0.0,GROUP_0149,6,6,2.182,0.88,0.88,media,1,53.17,0.0,1.0,,2.0,
COMP_0190,46.28,45.18,EN RIESGO,ESTABLE,51.87,1,vigilancia,1,2025-10,0,,,,,2.65,liquidez +3.1; colchon -0.9,2.65,0.0,GROUP_0182,11,11,5.579,1.0,1.0,media,1,49.04,0.0,1.0,,,
COMP_0679,46.24,45.2,EN RIESGO,DETERIORANDO,37.66,1,vigilancia,1,2025-09,0,,,,,-1.21,colchon -1.4,-1.21,0.0,GROUP_0172,15,15,5.877,0.952,1.0,alta,1,42.63,1.0,1.0,1.0,,1.0
COMP_0685,46.22,45.41,EN RIESGO,DETERIORANDO,22.53,1,critica,1,2025-03,1,2025-03,bache,13.82,1.31,-2.42,colchon -1.7; trayectoria -0.7,-2.41,0.0,GROUP_0035,22,22,7.507,0.967,1.0,alta,1,38.48,0.0,1.0,,,
COMP_0353,46.14,43.3,EN RIESGO,DETERIORANDO,37.45,1,critica,1,2026-07,0,,,,,-1.34,eficiencia -1.0; colchon -0.6,-1.34,0.0,GROUP_0073,6,6,2.182,0.88,0.88,media,1,29.65,0.0,1.0,,1.0,
COMP_0600,46.11,45.15,EN RIESGO,DETERIORANDO,37.84,1,critica,1,2025-06,1,2025-08,bache,22.06,1.28,1.76,trayectoria +2.9; deuda_comercial -0.7,1.78,0.0,GROUP_0113,17,17,6.483,0.958,1.0,alta,1,30.17,0.0,2.0,,2.0,
COMP_1006,46.07,45.23,EN RIESGO,DETERIORANDO,41.75,1,critica,1,2024-12,0,,,,,-7.5,liquidez -11.3; colchon +3.2,-7.5,0.0,GROUP_0163,22,22,7.507,0.967,1.0,alta,1,40.41,,,,,
COMP_0575,46.06,45.18,EN RIESGO,ESTABLE,44.3,1,vigilancia,1,2025-01,1,2025-06,bache,16.87,1.28,1.39,trayectoria +2.5; colchon -1.1,1.39,0.0,GROUP_0079,20,20,7.166,0.964,1.0,alta,1,54.25,0.0,1.0,,2.0,
COMP_1124,46.04,45.1,EN RIESGO,DETERIORANDO,32.83,1,critica,1,2025-01,1,2026-03,bache,13.92,1.36,-14.61,colchon -5.3; liquidez -4.1,-10.62,0.0,GROUP_0148,20,20,6.623,0.955,1.0,alta,1,25.23,0.0,1.0,,1.0,
COMP_1252,46.01,45.17,EN RIESGO,MEJORANDO,65.07,1,nivel_bajo,0,2024-12,1,2025-06,caida_estructural,10.31,1.78,0.33,colchon +1.6; deuda_comercial -1.6,0.34,0.0,GROUP_0070,22,22,7.507,0.967,1.0,alta,1,65.21,2.0,2.0,11.0,2.0,9.0
COMP_0750,45.99,44.91,EN RIESGO,ESTABLE,53.66,1,vigilancia,1,2025-07,1,2025-10,bache,10.13,1.95,-1.08,colchon -0.9,-1.08,0.0,GROUP_0172,15,15,5.877,0.952,1.0,alta,1,45.8,1.0,1.0,3.0,,3.0
COMP_0743,45.97,45.13,EN RIESGO,MEJORANDO,72.52,1,critica,0,2025-03,1,2025-03,bache,27.66,1.52,1.3,colchon +2.7; deuda_comercial -1.2,1.3,0.0,GROUP_0033,22,22,7.507,0.967,1.0,alta,1,75.45,0.0,1.0,,,
COMP_0899,45.96,44.76,EN RIESGO,ESTABLE,53.55,1,critica,1,2025-11,0,,,,,-4.11,deuda_comercial -4.5; trayectoria -2.5,-4.91,0.0,GROUP_0093,15,15,5.253,0.952,1.0,alta,1,29.95,,,,,
COMP_0356,45.9,44.82,EN RIESGO,ESTABLE,47.02,1,vigilancia,1,2025-09,0,,,,,-1.89,colchon -1.4,-1.88,0.0,GROUP_0172,15,15,5.877,0.952,1.0,alta,1,42.7,1.0,1.0,1.0,,1.0
COMP_0197,45.84,44.94,EN RIESGO,ESTABLE,46.54,1,critica,1,2025-01,0,,,,,-23.93,liquidez -17.1; colchon -3.8,-23.93,0.0,GROUP_0035,20,20,7.16,0.955,1.0,alta,1,28.36,1.0,1.0,3.0,4.0,-1.0
COMP_1247,45.83,44.75,EN RIESGO,ESTABLE,46.23,1,vigilancia,1,2025-10,0,,,,,5.18,"trayectoria +3.0; deuda_comercial +2.6 (cambio dominado por datos nuevos, no por comportamiento)",1.57,6.1,GROUP_0217,18,18,5.96,0.927,0.953,alta,1,45.16,0.0,1.0,,,
COMP_0655,45.79,44.7,EN RIESGO,DETERIORANDO,38.34,1,vigilancia,1,2025-09,0,,,,,-0.85,colchon -1.4; trayectoria +0.6,-0.85,0.0,GROUP_0172,15,15,5.877,0.952,1.0,alta,1,42.2,1.0,1.0,1.0,,1.0
COMP_0712,45.79,44.14,EN RIESGO,ESTABLE,50.0,1,critica,0,2024-12,0,,,,,,,,,GROUP_0155,17,17,3.918,0.791,0.68,media,1,36.84,,,,,
COMP_0875,45.78,44.91,EN RIESGO,MEJORANDO,59.76,1,critica,1,2024-11,0,,,,,-21.76,liquidez -9.9; deuda_comercial -4.2,-21.77,0.0,GROUP_0141,22,22,7.507,0.967,1.0,alta,1,38.63,,,,,
COMP_0018,45.74,44.77,EN RIESGO,ESTABLE,42.71,1,critica,1,2024-12,0,,,,,-32.92,liquidez -17.1; eficiencia -13.3,-32.92,0.0,GROUP_0250,22,22,6.713,0.959,1.0,alta,1,28.51,0.0,2.0,,10.0,
COMP_0238,45.72,44.41,EN RIESGO,ESTABLE,52.01,1,critica,1,2025-12,0,,,,,-23.24,liquidez -14.4; colchon -4.6,-24.05,0.0,GROUP_0149,9,9,5.007,0.96,1.0,media,1,25.24,0.0,1.0,,,
COMP_0474,45.71,44.84,EN RIESGO,ESTABLE,48.66,1,vigilancia,0,2024-12,1,2025-12,bache,18.17,1.37,-10.86,colchon -4.2; eficiencia -3.4,-10.87,0.0,GROUP_0141,22,22,7.507,0.967,1.0,alta,1,43.72,,,,,
COMP_0509,45.69,44.76,EN RIESGO,ESTABLE,42.39,1,critica,1,2025-01,0,,,,,-1.48,trayectoria -1.9; colchon +0.7,-1.51,0.0,GROUP_0055,22,22,7.042,0.959,1.0,alta,1,41.48,,,,,
COMP_0497,45.67,43.23,EN RIESGO,DETERIORANDO,34.35,1,critica,1,2026-03,0,,,,,1.57,trayectoria +1.6,1.57,0.0,GROUP_0185,6,6,2.678,0.94,0.94,media,1,40.77,,,,,
COMP_0662,45.65,44.51,EN RIESGO,MEJORANDO,63.34,1,vigilancia,1,2025-11,1,2026-03,bache,15.74,1.3,9.2,liquidez +4.1; deuda_comercial +3.3,9.2,0.0,GROUP_0054,11,11,5.793,0.967,1.0,media,1,56.1,0.0,1.0,,1.0,
COMP_0948,45.64,44.77,EN RIESGO,DETERIORANDO,28.74,1,critica,1,2024-11,0,,,,,-15.65,liquidez -8.3; eficiencia -3.4,-15.65,0.0,GROUP_0189,22,22,7.507,0.967,1.0,alta,1,27.75,0.0,1.0,,1.0,
COMP_0397,45.62,44.7,EN RIESGO,DETERIORANDO,37.67,1,vigilancia,1,2025-03,1,2026-08,bache,14.47,1.28,10.48,liquidez +8.3; trayectoria +4.5,10.48,0.0,GROUP_0155,18,18,7.197,0.96,1.0,alta,1,46.37,0.0,1.0,,1.0,
COMP_0032,45.6,44.51,EN RIESGO,ESTABLE,49.06,1,vigilancia,0,2025-04,1,2025-06,bache,16.41,1.72,,,,,GROUP_0094,18,18,6.065,0.893,0.847,alta,1,42.78,0.0,1.0,,12.0,
COMP_0937,45.57,44.44,EN RIESGO,DETERIORANDO,38.84,1,vigilancia,1,2025-07,0,,,,,-0.59,colchon -1.4; trayectoria +0.9,-0.58,0.0,GROUP_0172,15,15,5.877,0.952,1.0,alta,1,42.46,1.0,1.0,3.0,,3.0
COMP_1271,45.55,44.41,EN RIESGO,ESTABLE,47.21,1,vigilancia,1,2025-09,0,,,,,0.86,trayectoria +0.8,0.85,0.0,GROUP_0172,15,15,5.877,0.952,1.0,alta,1,42.83,1.0,1.0,1.0,,1.0
COMP_1253,45.53,44.1,EN RIESGO,ESTABLE,54.47,1,vigilancia,1,2026-01,0,,,,,17.44,eficiencia +11.3; trayectoria +5.4,17.44,0.0,GROUP_0096,12,12,4.659,0.94,1.0,alta,1,59.62,,,,,
COMP_0185,45.49,44.2,EN RIESGO,DETERIORANDO,32.63,1,critica,1,2026-02,0,,,,,-10.89,deuda_comercial -4.8; eficiencia -3.8,-10.91,0.0,GROUP_0044,8,8,5.178,1.0,1.0,media,1,33.87,0.0,1.0,,,
COMP_0478,45.49,44.18,EN RIESGO,ESTABLE,46.72,1,vigilancia,1,2026-05,0,,,,,0.81,trayectoria +1.3; colchon -0.5,0.81,0.0,GROUP_0131,13,13,5.113,0.945,1.0,alta,1,44.39,0.0,1.0,,,
COMP_0910,45.47,44.33,EN RIESGO,DETERIORANDO,37.77,1,critica,1,2025-09,0,,,,,-4.02,,-0.02,0.0,GROUP_0172,15,15,5.877,0.952,1.0,alta,1,38.04,0.0,1.0,,2.0,
COMP_0183,45.46,43.41,EN RIESGO,MEJORANDO,58.39,1,critica,0,2026-01,0,,,,,13.93,deuda_comercial +10.1; cobro_clientes +4.1,13.92,0.0,GROUP_0232,9,9,3.288,0.92,1.0,media,1,52.89,,,,,
COMP_1224,45.43,44.53,EN RIESGO,ESTABLE,42.49,1,critica,1,2025-04,1,2025-04,bache,26.39,1.9,-0.47,colchon -1.2; trayectoria +0.8,-0.45,0.0,GROUP_0143,22,22,7.507,0.967,1.0,alta,1,29.02,,,,,
COMP_0799,45.42,44.23,EN RIESGO,ESTABLE,43.59,1,nivel_bajo,0,2025-11,0,,,,,5.72,liquidez +11.3; trayectoria -3.6,5.71,0.0,GROUP_0183,10,10,5.692,0.964,1.0,media,1,44.84,,,,,
COMP_0801,45.42,44.52,EN RIESGO,ESTABLE,44.72,1,critica,1,2025-04,0,,,,,4.51,eficiencia +7.1; deuda_comercial -3.0,4.52,0.0,GROUP_0023,20,20,7.459,0.982,1.0,alta,1,32.75,0.0,2.0,,5.0,
COMP_0034,45.38,44.22,EN RIESGO,ESTABLE,53.38,1,vigilancia,1,2025-10,0,,,,,1.08,trayectoria +1.1,1.08,0.0,GROUP_0172,15,15,5.877,0.952,1.0,alta,1,46.38,1.0,1.0,1.0,,1.0
COMP_1029,45.35,44.42,EN RIESGO,ESTABLE,49.05,1,critica,0,2024-11,0,,,,,2.33,eficiencia -3.8; deuda_comercial +3.1,2.34,0.0,GROUP_0016,22,22,7.332,0.967,1.0,alta,1,42.49,,,,,
COMP_0795,45.32,42.15,EN RIESGO,ESTABLE,52.6,1,nivel_bajo,1,2026-03,0,,,,,4.8,trayectoria +2.5; cobro_clientes +2.0,4.81,0.0,GROUP_0039,6,6,2.148,0.85,0.85,media,1,31.42,,,,,
COMP_0920,45.27,43.59,EN RIESGO,DETERIORANDO,41.36,1,critica,0,2026-05,0,,,,,12.54,liquidez +11.3; trayectoria +1.6,12.53,0.0,GROUP_0122,8,8,4.072,0.955,1.0,media,1,42.08,0.0,1.0,,1.0,
COMP_0526,45.15,43.96,EN RIESGO,DETERIORANDO,37.92,1,critica,1,2025-07,0,,,,,0.0,,0.0,0.0,GROUP_0172,15,15,5.877,0.952,1.0,alta,1,41.77,1.0,1.0,3.0,,3.0
COMP_1138,45.14,44.19,EN RIESGO,ESTABLE,43.14,1,critica,1,2024-12,0,,,,,-17.95,liquidez -8.3; colchon -4.9,-17.93,0.0,GROUP_0155,21,21,7.346,0.966,1.0,alta,1,26.6,0.0,1.0,,1.0,
COMP_0103,45.09,43.83,EN RIESGO,DETERIORANDO,38.02,1,vigilancia,1,2025-10,0,,,,,-1.09,trayectoria -1.6; colchon +1.5,-1.07,0.0,GROUP_0170,14,14,5.517,0.949,1.0,alta,1,42.26,,,,,
COMP_0232,45.05,43.86,EN RIESGO,ESTABLE,52.33,1,critica,1,2025-06,0,,,,,-9.94,colchon -8.3; deuda_comercial -5.0,-9.97,0.0,GROUP_0038,15,15,5.901,0.976,1.0,alta,1,28.77,1.0,1.0,1.0,2.0,-1.0
COMP_0586,44.98,42.43,EN RIESGO,ESTABLE,45.11,1,critica,1,2026-03,0,,,,,-7.2,deuda_comercial -3.6; trayectoria -2.0,-7.21,0.0,GROUP_0047,7,7,2.774,0.897,0.94,media,1,37.28,1.0,1.0,4.0,3.0,1.0
COMP_0753,44.93,43.64,EN RIESGO,ESTABLE,46.87,1,vigilancia,1,2025-10,0,,,,,5.3,trayectoria +3.5; colchon +1.8,5.31,0.0,GROUP_0170,14,14,5.517,0.949,1.0,alta,1,46.87,0.0,1.0,,2.0,
COMP_0519,44.92,43.97,EN RIESGO,DETERIORANDO,26.09,1,critica,1,2024-12,0,,,,,3.36,colchon +7.6; eficiencia -3.4,3.35,0.0,GROUP_0233,22,22,7.507,0.967,1.0,alta,1,35.14,0.0,1.0,,,
COMP_1184,44.84,43.75,EN RIESGO,ESTABLE,57.32,1,critica,0,2025-06,0,,,,,19.37,liquidez +14.0; eficiencia +7.1,19.37,0.0,GROUP_0211,15,15,6.579,0.976,1.0,alta,1,52.53,1.0,1.0,3.0,4.0,-1.0
COMP_0384,44.82,43.86,EN RIESGO,ESTABLE,53.86,1,critica,1,2024-11,0,,,,,-9.65,liquidez -11.3; eficiencia -3.4,-9.65,0.0,GROUP_0094,22,22,7.507,0.967,1.0,alta,1,37.96,,,,,
COMP_0088,44.76,43.53,EN RIESGO,ESTABLE,44.33,1,critica,1,2025-09,0,,,,,-1.45,colchon -1.4,-1.44,0.0,GROUP_0172,15,15,5.877,0.952,1.0,alta,1,40.0,0.0,1.0,,1.0,
COMP_1215,44.74,42.71,EN RIESGO,ESTABLE,42.08,1,critica,1,2025-12,0,,,,,-1.46,trayectoria -2.2,-2.23,0.0,GROUP_0168,10,10,3.579,0.928,1.0,media,1,41.77,1.0,1.0,3.0,1.0,2.0
COMP_0006,44.72,43.02,EN RIESGO,ESTABLE,47.75,1,vigilancia,1,2025-12,0,,,,,1.66,trayectoria +4.6; deuda_comercial -3.6,0.88,0.0,GROUP_0195,12,12,4.277,0.97,1.0,alta,1,43.18,1.0,1.0,2.0,1.0,1.0
COMP_0968,44.7,42.82,EN RIESGO,DETERIORANDO,35.61,1,vigilancia,1,2025-05,1,2025-11,bache,24.36,1.5,-20.21,cobro_clientes -9.4; liquidez +4.5,-10.18,7.05,GROUP_0129,17,17,3.87,0.809,0.703,media,1,43.68,0.0,1.0,,1.0,
COMP_0456,44.67,43.24,EN RIESGO,ESTABLE,47.22,1,critica,1,2025-09,0,,,,,-4.28,trayectoria -3.9,-4.28,0.0,GROUP_0131,13,13,5.113,0.945,1.0,alta,1,38.7,1.0,1.0,3.0,1.0,2.0
COMP_0482,44.64,43.21,EN RIESGO,ESTABLE,56.79,1,nivel_bajo,0,2025-08,0,,,,,28.14,deuda_comercial +15.5; eficiencia +10.4,28.12,0.0,GROUP_0211,13,13,5.113,0.945,1.0,alta,1,68.46,0.0,1.0,,1.0,
COMP_1123,44.63,43.65,EN RIESGO,ESTABLE,45.49,1,critica,0,2025-02,0,,,,,28.99,liquidez +14.0; eficiencia +9.1,29.0,0.0,GROUP_0126,22,22,7.507,0.967,1.0,alta,1,53.12,0.0,2.0,,2.0,
COMP_0098,44.6,43.62,EN RIESGO,ESTABLE,42.2,1,critica,1,2024-11,0,,,,,-12.19,liquidez -4.1; colchon -2.1,-8.2,0.0,GROUP_0132,22,22,7.507,0.967,1.0,alta,1,25.66,,,,,
COMP_0137,44.56,43.39,EN RIESGO,ESTABLE,47.36,1,vigilancia,1,2025-03,0,,,,,14.17,eficiencia +13.3; trayectoria +0.9,14.18,0.0,GROUP_0217,18,18,6.312,0.95,1.0,alta,1,53.99,1.0,2.0,4.0,9.0,-5.0
COMP_0405,44.55,43.56,EN RIESGO,DETERIORANDO,36.39,1,critica,1,2024-11,0,,,,,-2.85,colchon -1.8; trayectoria -1.0,-2.84,0.0,GROUP_0035,22,22,7.507,0.967,1.0,alta,1,41.18,0.0,1.0,,1.0,
COMP_0350,44.52,43.48,EN RIESGO,DETERIORANDO,25.2,1,vigilancia,1,2025-05,0,,,,,2.11,trayectoria +4.5; eficiencia -3.4,2.11,0.0,GROUP_0189,16,16,7.163,1.0,1.0,alta,1,49.88,0.0,1.0,,,
COMP_0774,44.52,43.38,EN RIESGO,ESTABLE,54.82,1,critica,0,2025-05,0,,,,,9.18,eficiencia +3.8; trayectoria +2.1,4.37,0.0,GROUP_0103,17,17,6.483,0.958,1.0,alta,1,52.72,0.0,1.0,,3.0,
COMP_0521,44.45,43.34,EN RIESGO,DETERIORANDO,38.58,1,vigilancia,0,2025-01,0,,,,,-7.43,liquidez -7.2; eficiencia -7.1,-7.42,0.0,GROUP_0073,20,20,6.725,0.964,1.0,alta,1,48.46,0.0,1.0,,10.0,
COMP_0300,44.41,43.07,EN RIESGO,ESTABLE,52.92,1,critica,1,2025-12,0,,,,,-2.71,trayectoria -3.2,-2.74,0.0,GROUP_0144,9,9,5.575,1.0,1.0,media,1,40.79,1.0,2.0,4.0,,4.0
COMP_1076,44.4,42.94,EN RIESGO,ESTABLE,42.64,1,critica,0,2025-09,0,,,,,1.65,trayectoria +4.7; colchon -1.4,3.24,0.0,GROUP_0131,13,13,5.113,0.945,1.0,alta,1,44.53,1.0,1.0,3.0,1.0,2.0
COMP_1122,44.36,43.35,EN RIESGO,ESTABLE,44.67,1,critica,0,2024-11,1,2026-02,bache,25.13,1.71,22.76,liquidez +14.4; trayectoria +6.0,22.76,0.0,GROUP_0132,22,22,7.501,0.959,1.0,alta,1,46.68,0.0,1.0,,4.0,
COMP_1003,44.33,43.32,EN RIESGO,ESTABLE,53.29,1,critica,0,2024-11,0,,,,,-9.28,eficiencia -5.3; colchon -2.6,-9.27,0.0,GROUP_0132,22,22,7.507,0.967,1.0,alta,1,49.57,,,,,
COMP_0500,44.3,43.27,EN RIESGO,ESTABLE,49.65,1,vigilancia,1,2024-12,0,,,,,1.45,colchon +1.3,1.46,0.0,GROUP_0079,21,21,7.346,0.966,1.0,alta,1,55.21,0.0,1.0,,,
COMP_0205,44.12,41.96,EN RIESGO,ESTABLE,48.39,1,critica,0,2025-11,0,,,,,16.92,liquidez +17.1; deuda_comercial -4.3,16.91,0.0,GROUP_0175,10,10,3.579,0.928,1.0,media,1,49.12,,,,,
COMP_1011,44.12,43.07,EN RIESGO,ESTABLE,53.09,1,critica,1,2024-12,1,2025-09,bache,31.22,1.28,-1.5,liquidez -4.1; deuda_comercial -3.4,-1.5,0.0,GROUP_0155,21,21,7.346,0.966,1.0,alta,1,39.54,0.0,1.0,,9.0,
COMP_0031,44.11,40.77,EN RIESGO,MEJORANDO,66.18,1,vigilancia,1,2026-02,0,,,,,-0.97,colchon -1.7; trayectoria +0.7,-0.99,0.0,GROUP_0035,7,7,2.316,0.871,0.91,media,1,46.07,0.0,1.0,,1.0,
COMP_0673,44.11,42.73,EN RIESGO,MEJORANDO,61.35,1,critica,1,2026-02,0,,,,,-2.17,cobro_clientes -0.7; deuda_comercial -0.6,-2.16,0.0,GROUP_0203,9,9,5.575,1.0,1.0,media,1,28.5,,,,,
COMP_0790,44.1,42.93,EN RIESGO,MEJORANDO,61.86,1,nivel_bajo,1,2025-06,1,2025-09,bache,7.05,1.61,4.25,trayectoria +3.2; colchon +1.0,4.25,0.0,GROUP_0210,16,16,6.562,0.87,1.0,alta,1,38.44,1.0,1.0,11.0,,11.0
COMP_0283,44.09,41.46,EN RIESGO,ESTABLE,57.08,1,critica,1,2026-01,0,,,,,-4.12,trayectoria -3.3; deuda_comercial -2.1,-4.13,0.0,GROUP_0089,8,8,2.934,0.887,0.97,media,1,33.96,,,,,
COMP_0464,44.09,39.95,EN RIESGO,DETERIORANDO,21.02,1,critica,1,2026-06,0,,,,,-3.64,eficiencia -4.2,-3.64,0.0,GROUP_0008,6,6,1.87,0.85,0.85,media,1,30.56,,,,,
COMP_0430,44.08,41.84,EN RIESGO,DETERIORANDO,41.68,1,critica,1,2026-03,0,,,,,0.91,colchon -5.1; liquidez +4.1,0.92,0.0,GROUP_0182,9,9,3.466,0.92,1.0,media,1,40.68,0.0,1.0,,,
COMP_0666,44.04,43.01,EN RIESGO,DETERIORANDO,38.47,1,critica,1,2024-11,0,,,,,7.61,eficiencia +7.0; cobro_clientes +1.4,7.61,0.0,GROUP_0013,22,22,7.501,0.959,1.0,alta,1,26.05,0.0,1.0,,,
COMP_0726,44.02,42.7,EN RIESGO,ESTABLE,52.93,1,critica,0,2025-04,0,,,,,16.63,deuda_comercial +11.3; eficiencia +3.4,16.64,0.0,GROUP_0055,17,17,5.89,0.772,0.917,media,1,59.65,0.0,1.0,,,
COMP_0935,44.02,41.9,EN RIESGO,ESTABLE,49.05,1,critica,1,2025-12,1,2026-03,bache,32.38,1.42,5.7,trayectoria +5.1; colchon +1.9,5.7,0.0,GROUP_0018,11,11,3.664,0.918,1.0,media,1,40.32,1.0,1.0,2.0,1.0,1.0
COMP_0523,43.94,42.39,EN RIESGO,MEJORANDO,63.07,1,vigilancia,0,2026-03,0,,,,,-3.21,liquidez -2.7; trayectoria -1.5,-3.21,0.0,GROUP_0122,9,9,5.059,0.98,1.0,media,1,48.31,0.0,1.0,,3.0,
COMP_1084,43.9,42.48,EN RIESGO,DETERIORANDO,37.25,1,critica,1,2025-09,0,,,,,-1.45,colchon -1.4,-1.44,0.0,GROUP_0172,15,15,5.573,0.943,1.0,alta,1,39.02,,,,,
COMP_0096,43.88,42.68,EN RIESGO,ESTABLE,45.6,1,vigilancia,1,2025-03,0,,,,,15.08,eficiencia +13.3; trayectoria +1.8,15.06,0.0,GROUP_0217,19,19,6.585,0.953,1.0,alta,1,54.23,,,,,
COMP_0390,43.87,41.86,EN RIESGO,MEJORANDO,63.32,1,critica,0,2025-10,0,,,,,,,,,GROUP_0064,10,10,3.929,0.928,1.0,media,1,38.92,,,,,
COMP_0458,43.86,41.84,EN RIESGO,DETERIORANDO,33.94,1,critica,1,2026-02,0,,,,,0.1,,0.09,0.0,GROUP_0212,9,9,3.929,0.94,1.0,media,1,38.5,,,,,
COMP_0447,43.83,42.52,EN RIESGO,MEJORANDO,62.65,1,critica,0,2025-07,0,,,,,-5.08,deuda_comercial -3.9; trayectoria -1.3,-5.08,0.0,GROUP_0190,14,14,6.085,0.974,1.0,alta,1,53.54,0.0,2.0,,4.0,
COMP_0270,43.82,41.49,EN RIESGO,MEJORANDO,69.4,1,vigilancia,0,2026-03,0,,,,,-24.22,liquidez -17.1; eficiencia -10.4,-24.23,0.0,GROUP_0116,6,6,3.396,1.0,1.0,media,1,42.9,0.0,1.0,,,
COMP_0025,43.79,42.65,EN RIESGO,ESTABLE,48.25,1,vigilancia,0,2025-07,0,,,,,0.71,colchon +3.3; trayectoria -2.1,0.72,0.0,GROUP_0211,15,15,6.961,1.0,1.0,alta,1,43.6,0.0,1.0,,,
COMP_0418,43.78,42.69,EN RIESGO,DETERIORANDO,37.95,1,critica,1,2025-08,1,2025-08,caida_estructural,19.65,1.55,1.37,deuda_comercial -3.2; trayectoria +2.9,1.36,0.0,GROUP_0070,21,21,7.346,0.966,1.0,alta,1,28.46,0.0,2.0,,6.0,
COMP_0113,43.75,42.69,EN RIESGO,ESTABLE,52.6,1,critica,1,2025-06,1,2025-06,bache,29.78,2.06,0.26,deuda_comercial -8.6; eficiencia +7.0,0.27,0.0,GROUP_0070,22,22,7.507,0.967,1.0,alta,1,34.88,1.0,2.0,3.0,2.0,1.0
COMP_0609,43.73,42.63,EN RIESGO,ESTABLE,51.19,1,critica,1,2025-06,1,2025-08,bache,37.7,1.99,8.04,deuda_comercial +4.9; trayectoria +2.8,8.02,0.0,GROUP_0129,19,19,7.283,0.981,1.0,alta,1,36.58,0.0,1.0,,,
COMP_0368,43.71,42.64,EN RIESGO,ESTABLE,43.63,1,critica,1,2025-03,1,2025-03,bache,14.35,2.11,2.47,eficiencia +3.2; trayectoria -1.5,2.46,0.0,GROUP_0016,22,22,7.507,0.967,1.0,alta,1,37.21,0.0,1.0,,,
COMP_0508,43.69,42.32,EN RIESGO,ESTABLE,50.37,1,critica,1,2025-12,1,2025-12,bache,24.2,2.2,7.82,deuda_comercial +4.1; trayectoria +2.0,7.83,0.0,GROUP_0070,15,15,5.877,0.952,1.0,alta,1,31.22,0.0,2.0,,2.0,
COMP_1232,43.67,42.45,EN RIESGO,ESTABLE,55.25,1,critica,1,2025-06,0,,,,,-22.44,liquidez -11.3; deuda_comercial -5.0,-20.83,0.0,GROUP_0237,16,16,6.649,0.978,1.0,alta,1,28.23,0.0,1.0,,,
COMP_0375,43.56,42.23,EN RIESGO,DETERIORANDO,30.02,1,nivel_bajo,1,2025-07,0,,,,,8.43,eficiencia +5.3; colchon +3.1,8.43,0.0,GROUP_0143,14,14,6.112,0.974,1.0,alta,1,39.06,0.0,1.0,,,
COMP_0640,43.44,42.27,EN RIESGO,DETERIORANDO,39.6,1,critica,1,2025-04,0,,,,,-1.57,colchon +1.9,1.62,0.0,GROUP_0022,22,22,7.037,0.967,1.0,alta,1,24.83,0.0,1.0,,,
COMP_0349,43.38,42.28,EN RIESGO,ESTABLE,53.26,1,vigilancia,0,2024-12,0,,,,,-4.89,colchon -2.9; liquidez -2.7,-4.91,0.0,GROUP_0101,22,22,7.507,0.967,1.0,alta,1,52.7,1.0,1.0,4.0,3.0,1.0
COMP_0637,43.38,42.28,EN RIESGO,DETERIORANDO,36.67,1,critica,1,2025-03,1,2025-06,caida_estructural,14.35,1.51,-10.87,colchon -5.3; liquidez -3.1,-6.88,0.0,GROUP_0132,22,22,7.507,0.967,1.0,alta,1,19.45,0.0,1.0,,,
COMP_0486,43.16,42.04,EN RIESGO,MEJORANDO,65.59,1,vigilancia,0,2024-11,0,,,,,-5.83,liquidez -17.1; deuda_comercial +10.9,-5.83,0.0,GROUP_0132,22,22,7.501,0.959,1.0,alta,1,42.06,1.0,2.0,7.0,12.0,-5.0
COMP_0085,43.12,41.99,EN RIESGO,ESTABLE,45.77,1,critica,1,2025-03,1,2025-04,bache,14.96,1.26,-18.05,liquidez -9.9; eficiencia -3.4,-18.05,0.0,GROUP_0155,22,22,7.507,0.967,1.0,alta,1,37.16,0.0,1.0,,,
COMP_0518,43.0,41.86,EN RIESGO,MEJORANDO,66.97,1,critica,0,2025-03,1,2025-03,bache,18.87,1.51,18.14,liquidez +9.9; trayectoria +3.7,18.15,0.0,GROUP_0101,22,22,7.507,0.967,1.0,alta,1,62.73,0.0,1.0,,,
COMP_0226,42.99,41.69,EN RIESGO,ESTABLE,45.18,1,vigilancia,1,2025-08,0,,,,,4.6,trayectoria +3.2; colchon +1.3,4.59,0.0,GROUP_0013,13,13,6.588,0.989,0.977,alta,1,43.48,0.0,1.0,,,
COMP_0728,42.98,41.28,EN RIESGO,ESTABLE,51.15,1,critica,1,2026-03,0,,,,,-12.23,liquidez -7.2; eficiencia -7.1,-12.24,0.0,GROUP_0183,10,10,5.051,0.964,1.0,media,1,31.79,0.0,1.0,,2.0,
COMP_0262,42.97,41.76,EN RIESGO,ESTABLE,45.64,1,critica,1,2025-06,0,,,,,4.23,liquidez +3.1; trayectoria +0.9,4.22,0.0,GROUP_0211,16,16,7.075,1.0,1.0,alta,1,33.12,0.0,1.0,,,
COMP_0116,42.84,41.49,EN RIESGO,DETERIORANDO,39.5,1,nivel_bajo,1,2025-11,0,,,,,-2.62,deuda_comercial -3.8; eficiencia +3.2,-3.45,0.0,GROUP_0195,12,12,6.417,0.97,1.0,alta,1,31.49,0.0,1.0,,2.0,
COMP_0340,42.79,41.51,EN RIESGO,ESTABLE,51.05,1,vigilancia,0,2025-04,1,2026-03,bache,15.24,1.28,2.01,eficiencia +7.1; deuda_comercial -3.3,7.62,0.0,GROUP_0116,22,22,6.813,0.967,1.0,alta,1,59.02,0.0,1.0,,10.0,
COMP_0359,42.79,41.6,EN RIESGO,MEJORANDO,58.02,1,nivel_bajo,0,2024-12,0,,,,,15.24,liquidez +11.3; colchon +7.6,15.24,0.0,GROUP_0110,22,22,7.368,0.967,1.0,alta,1,44.43,,,,,
COMP_0433,42.79,41.63,EN RIESGO,ESTABLE,50.61,1,vigilancia,1,2025-01,0,,,,,-3.1,eficiencia -3.4,-3.08,0.0,GROUP_0023,21,21,7.478,0.966,1.0,alta,1,49.35,1.0,2.0,6.0,7.0,-1.0
COMP_0220,42.73,41.49,EN RIESGO,MEJORANDO,71.99,1,critica,1,2025-01,0,,,,,-16.5,eficiencia -7.0; colchon -4.7,-16.51,0.0,GROUP_0124,20,20,7.08,0.964,1.0,alta,1,36.87,0.0,1.0,,1.0,
COMP_0987,42.62,41.45,EN RIESGO,DETERIORANDO,23.53,1,critica,1,2025-07,0,,,,,-5.0,colchon -4.8,-5.01,0.0,GROUP_0035,22,22,7.507,0.967,1.0,alta,1,35.82,,,,,
COMP_0542,42.41,41.01,EN RIESGO,ESTABLE,44.43,1,critica,1,2025-04,1,2025-04,bache,35.05,1.69,-10.27,trayectoria -3.7; eficiencia -3.2,-10.28,0.0,GROUP_0023,21,21,6.447,0.957,1.0,alta,1,36.6,0.0,1.0,,6.0,
COMP_1038,42.4,41.1,EN RIESGO,MEJORANDO,66.93,1,critica,0,2025-03,0,,,,,0.45,deuda_comercial -4.5; colchon +3.9,0.43,0.0,GROUP_0018,19,19,6.957,0.953,1.0,alta,1,61.55,0.0,1.0,,5.0,
COMP_0711,42.39,41.19,EN RIESGO,DETERIORANDO,27.59,1,critica,1,2025-03,1,2025-03,caida_estructural,10.79,1.32,-7.33,eficiencia +8.0; trayectoria -5.0,-3.32,0.0,GROUP_0219,22,22,7.507,0.967,1.0,alta,1,34.24,0.0,1.0,,,
COMP_1175,42.36,40.18,EN RIESGO,MEJORANDO,61.21,1,vigilancia,0,2026-01,0,,,,,17.24,liquidez +17.1,17.24,0.0,GROUP_0196,8,8,4.137,0.887,0.95,media,1,60.93,0.0,1.0,,,
COMP_0507,42.31,41.01,EN RIESGO,ESTABLE,53.64,1,critica,1,2025-04,0,,,,,-20.67,liquidez -17.1; eficiencia -3.8,-20.66,0.0,GROUP_0023,19,19,6.957,0.953,1.0,alta,1,34.09,0.0,2.0,,3.0,
COMP_0667,42.29,40.94,EN RIESGO,DETERIORANDO,32.55,1,critica,1,2025-04,0,,,,,10.08,eficiencia +7.1; cobro_clientes -5.5,10.09,0.0,GROUP_0068,18,18,6.729,0.95,1.0,alta,1,40.7,,,,,
COMP_0569,42.17,40.92,EN RIESGO,MEJORANDO,58.89,1,critica,1,2024-12,0,,,,,-22.61,liquidez -7.2; trayectoria -7.1,-22.61,0.0,GROUP_0094,21,21,7.346,0.966,1.0,alta,1,30.14,1.0,2.0,3.0,4.0,-1.0
COMP_1156,42.17,40.94,EN RIESGO,MEJORANDO,64.74,1,vigilancia,0,2024-12,0,,,,,7.54,cobro_clientes +5.5; liquidez -2.7,7.54,0.0,GROUP_0141,22,22,7.419,0.967,1.0,alta,1,62.92,1.0,2.0,4.0,5.0,-1.0
COMP_0794,42.05,40.09,EN RIESGO,ESTABLE,46.28,1,critica,1,2026-03,0,,,,,-18.81,liquidez -17.1; eficiencia -3.8,-18.83,0.0,GROUP_0035,7,7,4.733,1.0,1.0,media,1,21.83,0.0,1.0,,2.0,
COMP_0234,42.01,40.72,EN RIESGO,ESTABLE,46.98,1,critica,0,2024-12,1,2025-03,caida_estructural,13.64,1.69,-0.31,,-0.33,0.0,GROUP_0101,22,22,7.174,0.967,1.0,alta,1,49.38,,,,,
COMP_0659,41.97,40.73,FRÁGIL,DETERIORANDO,29.29,1,critica,1,2024-11,0,,,,,2.9,liquidez +4.1; colchon -1.6,2.9,0.0,GROUP_0035,22,22,7.507,0.967,1.0,alta,1,30.29,0.0,1.0,,,
COMP_0805,41.96,40.33,FRÁGIL,MEJORANDO,63.78,1,vigilancia,1,2025-12,1,2026-01,bache,21.31,1.6,14.28,deuda_comercial +6.5; liquidez +5.8,14.28,0.0,GROUP_0213,13,13,5.738,0.958,1.0,alta,1,52.63,1.0,2.0,5.0,2.0,3.0
COMP_0742,41.95,38.67,FRÁGIL,ESTABLE,46.24,1,critica,1,2026-03,0,,,,,-4.92,cobro_clientes -5.9; trayectoria +4.0,-3.32,0.0,GROUP_0047,7,7,2.848,0.923,0.97,media,1,36.76,0.0,1.0,,3.0,
COMP_0280,41.94,37.9,FRÁGIL,ESTABLE,50.84,1,critica,1,2026-03,0,,,,,-4.31,colchon -7.7; liquidez +4.1,-4.33,0.0,GROUP_0107,7,7,2.316,0.871,0.91,media,1,36.42,0.0,1.0,,,
COMP_0404,41.91,40.66,FRÁGIL,DETERIORANDO,23.45,1,critica,1,2024-12,0,,,,,3.76,colchon +6.7; deuda_comercial -3.1,3.77,0.0,GROUP_0094,21,21,7.478,0.966,1.0,alta,1,21.27,0.0,1.0,,,
COMP_0996,41.77,40.03,FRÁGIL,MEJORANDO,63.82,1,nivel_bajo,1,2026-01,0,,,,,-6.46,eficiencia -3.2; trayectoria -2.6,-6.46,0.0,GROUP_0203,9,9,5.436,1.0,1.0,media,1,25.22,1.0,1.0,4.0,2.0,2.0
COMP_0566,41.62,39.71,FRÁGIL,ESTABLE,51.36,1,critica,1,2026-01,0,,,,,-9.01,liquidez -7.2; eficiencia -3.8,-9.81,0.0,GROUP_0119,8,8,5.008,0.955,1.0,media,1,24.26,0.0,1.0,,,
COMP_0354,41.59,40.24,FRÁGIL,MEJORANDO,64.59,1,critica,0,2024-12,0,,,,,12.83,cobro_clientes +5.4; eficiencia +3.4,12.83,0.0,GROUP_0220,22,22,7.087,0.967,1.0,alta,1,60.42,0.0,1.0,,,
COMP_0074,41.58,40.15,FRÁGIL,DETERIORANDO,37.18,1,critica,1,2025-07,1,2025-07,bache,25.3,1.82,-10.5,deuda_comercial -5.0; trayectoria -3.5,-10.5,0.0,GROUP_0088,18,18,6.738,0.96,1.0,alta,1,23.83,0.0,1.0,,,
COMP_0460,41.51,40.13,FRÁGIL,DETERIORANDO,38.2,1,critica,1,2024-12,1,2025-09,bache,18.01,1.32,1.05,eficiencia -7.0; liquidez +4.1,1.05,0.0,GROUP_0116,22,22,6.998,0.967,1.0,alta,1,32.52,0.0,1.0,,6.0,
COMP_0381,41.48,40.16,FRÁGIL,DETERIORANDO,38.91,1,vigilancia,1,2025-04,0,,,,,7.84,colchon +4.1; liquidez +2.7,7.85,0.0,GROUP_0079,21,21,7.346,0.966,1.0,alta,1,51.74,0.0,1.0,,4.0,
COMP_0772,41.47,40.15,FRÁGIL,DETERIORANDO,38.1,1,critica,1,2025-03,0,,,,,2.11,colchon +1.5,2.08,0.0,GROUP_0023,21,21,7.355,0.966,1.0,alta,1,34.28,0.0,2.0,,11.0,
COMP_0966,41.47,40.13,FRÁGIL,DETERIORANDO,29.1,1,critica,1,2025-01,0,,,,,-0.3,"colchon +3.0; trayectoria +1.0 (cambio dominado por datos nuevos, no por comportamiento)",1.5,3.11,GROUP_0094,20,20,7.223,0.957,0.977,alta,1,24.59,,,,,
COMP_1113,41.33,39.25,FRÁGIL,ESTABLE,46.99,1,critica,1,2025-12,1,2025-12,caida_estructural,15.82,1.91,0.3,colchon +1.0; cobro_clientes -0.6,0.31,0.0,GROUP_0018,13,13,4.726,0.931,1.0,alta,1,9.36,0.0,1.0,,2.0,
COMP_1020,41.29,39.69,FRÁGIL,DETERIORANDO,40.92,1,critica,1,2025-09,0,,,,,-2.75,colchon -2.0; trayectoria -0.7,-2.74,0.0,GROUP_0195,12,12,6.154,0.97,1.0,alta,1,31.56,0.0,1.0,,8.0,
COMP_1000,41.27,37.47,FRÁGIL,DETERIORANDO,31.61,1,critica,0,2026-03,0,,,,,,,,,GROUP_0105,8,8,2.599,0.835,0.87,media,1,18.33,0.0,1.0,,2.0,
COMP_0326,41.25,39.63,FRÁGIL,ESTABLE,43.69,1,nivel_bajo,1,2025-08,0,,,,,-2.64,trayectoria +4.1; colchon -2.3,1.35,0.0,GROUP_0018,14,14,6.103,0.974,1.0,alta,1,26.21,0.0,2.0,,3.0,
COMP_0565,41.24,38.8,FRÁGIL,MEJORANDO,58.0,1,critica,0,2025-12,0,,,,,,,,,GROUP_0018,11,11,4.035,0.935,1.0,media,1,52.16,0.0,1.0,,,
COMP_0811,41.24,39.93,FRÁGIL,ESTABLE,42.18,1,critica,1,2024-11,0,,,,,-14.88,liquidez -7.2; eficiencia -3.4,-14.88,0.0,GROUP_0155,22,22,7.507,0.967,1.0,alta,1,30.58,0.0,1.0,,9.0,
COMP_0265,41.21,39.74,FRÁGIL,MEJORANDO,62.51,1,critica,0,2025-03,0,,,,,1.4,liquidez +3.1; deuda_comercial -1.4,1.4,0.0,GROUP_0033,19,19,6.702,0.962,1.0,alta,1,55.09,2.0,2.0,10.0,4.0,6.0
COMP_0402,41.21,39.28,FRÁGIL,ESTABLE,57.88,1,vigilancia,1,2025-09,0,,,,,8.8,trayectoria +4.3,4.01,0.0,GROUP_0131,13,13,5.113,0.945,1.0,alta,1,45.17,1.0,1.0,3.0,1.0,2.0
COMP_0503,41.2,38.84,FRÁGIL,ESTABLE,47.22,1,critica,0,2025-03,0,,,,,,,,,GROUP_0134,17,17,4.191,0.831,0.793,media,1,26.63,0.0,1.0,,,
COMP_0549,41.19,39.87,FRÁGIL,ESTABLE,42.67,1,vigilancia,1,2024-12,1,2025-07,bache,30.22,2.16,9.61,,0.0,0.0,GROUP_0065,22,22,7.507,0.967,1.0,alta,1,43.23,1.0,1.0,8.0,,8.0
COMP_1035,41.11,39.61,FRÁGIL,ESTABLE,42.84,1,critica,1,2025-01,0,,,,,-20.54,liquidez -14.4; eficiencia -3.4,-20.55,0.0,GROUP_0148,20,20,6.65,0.964,1.0,alta,1,28.31,0.0,1.0,,,
COMP_0495,40.97,39.57,FRÁGIL,DETERIORANDO,40.72,1,critica,1,2025-01,0,,,,,0.92,cobro_clientes +5.9; deuda_comercial -3.5,0.94,0.0,GROUP_0124,20,20,7.211,0.973,1.0,alta,1,35.87,0.0,2.0,,10.0,
COMP_0253,40.94,39.59,FRÁGIL,MEJORANDO,61.33,1,critica,1,2024-12,1,2026-04,bache,17.65,1.67,-20.12,eficiencia -10.4; deuda_comercial -3.7,-20.12,0.0,GROUP_0055,22,22,7.507,0.967,1.0,alta,1,36.82,0.0,1.0,,,
COMP_0054,40.9,39.48,FRÁGIL,ESTABLE,47.4,1,nivel_bajo,1,2025-05,0,,,,,-0.02,cobro_clientes -2.8; trayectoria +1.8,-0.01,0.0,GROUP_0217,19,19,7.138,0.972,1.0,alta,1,27.75,0.0,2.0,,2.0,
COMP_0778,40.9,39.55,FRÁGIL,DETERIORANDO,41.72,1,critica,1,2024-12,1,2025-08,bache,24.91,1.37,-16.9,eficiencia -7.0; trayectoria -4.9,-16.89,0.0,GROUP_0238,22,22,7.507,0.967,1.0,alta,1,17.16,,,,,
COMP_0287,40.85,39.42,FRÁGIL,ESTABLE,50.72,1,critica,1,2024-11,0,,,,,8.15,eficiencia +7.1; trayectoria +2.6,8.15,0.0,GROUP_0231,22,22,7.125,0.961,1.0,alta,1,31.08,1.0,2.0,6.0,7.0,-1.0
COMP_0836,40.85,39.43,FRÁGIL,DETERIORANDO,34.85,1,critica,1,2025-06,0,,,,,-16.31,liquidez -14.0; eficiencia -11.3,-16.3,0.0,GROUP_0189,16,16,7.163,1.0,1.0,alta,1,41.57,0.0,1.0,,,
COMP_0741,40.74,39.37,FRÁGIL,ESTABLE,50.08,1,vigilancia,0,2024-11,1,2025-07,bache,29.92,2.3,0.61,colchon -2.1; eficiencia +2.0,0.61,0.0,GROUP_0013,22,22,7.507,0.967,1.0,alta,1,60.88,2.0,2.0,12.0,12.0,0.0
COMP_0672,40.66,36.68,FRÁGIL,MEJORANDO,63.23,1,nivel_bajo,1,2026-02,0,,,,,-2.59,liquidez -4.1; colchon +1.9,-2.59,0.0,GROUP_0184,7,7,2.594,0.897,0.94,media,1,40.53,,,,,
COMP_0204,40.6,36.61,FRÁGIL,DETERIORANDO,38.45,1,critica,1,2026-02,0,,,,,1.15,cobro_clientes -3.0; trayectoria +2.2,1.14,0.0,GROUP_0052,7,7,2.594,0.897,0.94,media,1,20.04,0.0,1.0,,,
COMP_1273,40.6,37.14,FRÁGIL,ESTABLE,53.51,1,critica,1,2026-02,0,,,,,-2.23,trayectoria -2.2,-2.2,0.0,GROUP_0241,8,8,2.991,0.932,1.0,media,1,24.12,,,,,
COMP_0307,40.46,38.44,FRÁGIL,ESTABLE,49.97,1,critica,0,2025-02,0,,,,,,,,,GROUP_0112,15,15,5.18,0.869,0.793,media,1,34.95,0.0,2.0,,4.0,
COMP_1073,40.46,38.95,FRÁGIL,ESTABLE,42.23,1,critica,1,2025-05,0,,,,,1.25,colchon +1.7,1.24,0.0,GROUP_0142,21,21,6.905,0.919,0.953,alta,1,23.73,0.0,1.0,,1.0,
COMP_1250,40.42,39.02,FRÁGIL,MEJORANDO,67.91,1,critica,0,2024-12,0,,,,,-1.5,trayectoria -2.1; colchon +0.7,-1.51,0.0,GROUP_0065,22,22,7.507,0.967,1.0,alta,1,59.45,0.0,2.0,,8.0,
COMP_1190,40.36,38.1,FRÁGIL,ESTABLE,44.78,1,critica,0,2026-01,0,,,,,10.27,deuda_comercial +6.0; liquidez +3.1,10.26,0.0,GROUP_0119,8,8,4.655,0.978,1.0,media,1,45.01,0.0,1.0,,,
COMP_0438,40.34,38.94,FRÁGIL,DETERIORANDO,31.49,1,vigilancia,1,2024-11,0,,,,,6.68,deuda_comercial -4.9; liquidez +4.1,7.46,0.0,GROUP_0150,22,22,7.507,0.967,1.0,alta,1,47.59,0.0,1.0,,8.0,
COMP_1217,40.31,36.59,FRÁGIL,ESTABLE,48.11,1,vigilancia,1,2026-03,1,2026-08,bache,26.31,1.62,21.56,liquidez +14.4; eficiencia +3.4,21.58,0.0,GROUP_0144,6,6,2.84,0.94,0.94,media,1,46.08,1.0,1.0,5.0,4.0,1.0
COMP_0200,40.17,38.37,FRÁGIL,MEJORANDO,71.23,1,vigilancia,1,2025-11,0,,,,,-11.86,liquidez -9.9; trayectoria -1.0,-11.85,0.0,GROUP_0224,11,11,5.932,1.0,1.0,media,1,42.76,0.0,2.0,,4.0,
COMP_0089,40.09,38.65,FRÁGIL,DETERIORANDO,28.98,1,critica,1,2025-10,1,2025-10,bache,32.54,2.79,-7.91,cobro_clientes -3.9; deuda_comercial -3.7,-8.72,0.0,GROUP_0153,22,22,7.507,0.967,1.0,alta,1,17.67,0.0,1.0,,,
COMP_0593,40.04,37.49,FRÁGIL,DETERIORANDO,40.45,1,critica,0,2025-09,0,,,,,11.83,liquidez +14.0; deuda_comercial -4.7,11.82,0.0,GROUP_0053,12,12,4.243,0.94,1.0,alta,1,44.2,,,,,
COMP_0499,39.98,37.12,FRÁGIL,ESTABLE,50.06,1,nivel_bajo,0,2026-01,0,,,,,21.05,liquidez +17.1; eficiencia +10.4,21.07,0.0,GROUP_0241,8,8,3.795,0.955,1.0,media,1,56.4,,,,,
COMP_0016,39.85,38.39,FRÁGIL,ESTABLE,42.48,1,critica,1,2024-12,1,2025-12,bache,18.77,1.59,1.15,trayectoria +3.0; deuda_comercial -2.1,2.76,0.0,GROUP_0070,22,22,7.507,0.967,1.0,alta,1,29.7,2.0,2.0,11.0,7.0,4.0
COMP_0365,39.85,37.69,FRÁGIL,ESTABLE,56.19,1,critica,1,2025-12,0,,,,,6.83,liquidez +7.2; trayectoria +2.0,8.44,0.0,GROUP_0122,9,9,5.059,0.98,1.0,media,1,34.83,,,,,
COMP_0540,39.8,37.61,FRÁGIL,ESTABLE,52.37,1,critica,0,2026-03,0,,,,,14.15,cobro_clientes +4.9; trayectoria +4.0,14.15,0.0,GROUP_0048,8,8,5.008,0.955,1.0,media,1,46.08,0.0,1.0,,,
COMP_0611,39.79,37.93,FRÁGIL,ESTABLE,50.0,1,doble_canal,1,2024-12,0,,,,,12.68,"eficiencia +17.1; trayectoria -4.2 (cambio dominado por datos nuevos, no por comportamiento)",5.86,8.41,GROUP_0099,21,21,5.911,0.861,0.81,alta,1,57.53,0.0,2.0,,4.0,
COMP_0857,39.74,38.09,FRÁGIL,ESTABLE,52.26,1,critica,0,2025-02,0,,,,,,,,,GROUP_0097,18,18,6.687,0.954,0.953,alta,1,26.47,0.0,1.0,,1.0,
COMP_0958,39.68,37.97,FRÁGIL,ESTABLE,57.87,1,critica,1,2025-10,1,2025-10,bache,14.47,1.27,-8.61,liquidez -11.3; deuda_comercial +4.5,-7.02,0.0,GROUP_0200,17,17,6.483,0.958,1.0,alta,1,40.66,0.0,1.0,,2.0,
COMP_0579,39.58,37.12,FRÁGIL,DETERIORANDO,31.44,1,nivel_bajo,0,2025-09,0,,,,,,,,,GROUP_0132,20,20,4.522,0.824,0.9,alta,1,16.27,1.0,1.0,4.0,5.0,-1.0
COMP_0021,39.57,36.49,FRÁGIL,DETERIORANDO,33.56,1,nivel_bajo,1,2026-04,0,,,,,-46.14,liquidez -17.1; deuda_comercial -13.4,-46.14,0.0,GROUP_0023,7,7,3.616,1.0,1.0,media,1,12.47,0.0,2.0,,2.0,
COMP_1033,39.54,38.0,FRÁGIL,DETERIORANDO,39.49,1,critica,1,2024-12,0,,,,,-6.09,eficiencia -3.2; colchon -3.0,-6.1,0.0,GROUP_0142,21,21,7.248,0.966,1.0,alta,1,23.28,,,,,
COMP_0424,39.49,37.94,FRÁGIL,ESTABLE,44.49,1,critica,1,2025-04,0,,,,,3.64,deuda_comercial +6.5; colchon -2.1,3.64,0.0,GROUP_0097,21,21,7.183,0.966,1.0,alta,1,20.83,0.0,1.0,,10.0,
COMP_0807,39.46,37.58,FRÁGIL,DETERIORANDO,30.98,1,critica,1,2025-05,0,,,,,1.41,colchon +2.0; trayectoria -0.6,1.4,0.0,GROUP_0101,16,16,5.956,0.978,1.0,alta,1,22.37,,,,,
COMP_0676,39.33,36.82,FRÁGIL,ESTABLE,48.69,1,vigilancia,0,2026-02,0,,,,,-8.65,trayectoria -5.4; eficiencia -5.3,-8.66,0.0,GROUP_0104,7,7,4.499,0.974,1.0,media,1,45.29,0.0,1.0,,,
COMP_1244,39.31,36.85,FRÁGIL,DETERIORANDO,41.26,1,critica,1,2025-12,0,,,,,-30.76,liquidez -17.1; eficiencia -7.0,-30.78,0.0,GROUP_0013,11,11,4.605,0.967,1.0,media,1,14.64,0.0,1.0,,,
COMP_0477,39.25,37.05,FRÁGIL,ESTABLE,46.48,1,critica,0,2026-02,0,,,,,21.74,deuda_comercial +9.0; eficiencia +7.0,21.75,0.0,GROUP_0232,8,8,5.178,1.0,1.0,media,1,53.02,0.0,2.0,,4.0,
COMP_0861,39.13,37.57,FRÁGIL,ESTABLE,53.21,1,critica,0,2025-02,0,,,,,5.9,colchon +6.9; trayectoria -1.6,5.89,0.0,GROUP_0226,20,20,7.314,0.964,1.0,alta,1,65.57,0.0,2.0,,8.0,
COMP_0944,38.83,36.58,FRÁGIL,MEJORANDO,62.3,1,critica,0,2026-01,0,,,,,-4.78,trayectoria -3.2; liquidez -3.1,-4.78,0.0,GROUP_0104,8,8,5.178,1.0,1.0,media,1,43.55,0.0,1.0,,,
COMP_0161,38.82,36.58,FRÁGIL,DETERIORANDO,31.98,1,critica,1,2025-03,0,,,,,1.7,liquidez -6.1,-6.3,0.0,GROUP_0079,18,18,5.23,0.917,0.87,alta,1,30.97,0.0,1.0,,,
COMP_1032,38.78,36.9,FRÁGIL,ESTABLE,43.09,1,critica,1,2025-03,0,,,,,5.01,colchon +3.6; trayectoria +2.8,3.55,3.13,GROUP_0023,18,18,6.241,0.921,0.953,alta,1,24.76,0.0,1.0,,5.0,
COMP_0922,38.72,36.48,FRÁGIL,ESTABLE,47.12,1,critica,1,2025-09,0,,,,,7.63,,-0.37,0.0,GROUP_0096,14,14,5.251,0.939,1.0,alta,1,29.48,0.0,1.0,,2.0,
COMP_0363,38.55,36.97,FRÁGIL,DETERIORANDO,40.35,1,critica,1,2025-04,1,2025-04,bache,31.21,1.39,2.31,cobro_clientes +1.4; colchon +0.9,2.3,0.0,GROUP_0250,22,22,7.501,0.959,1.0,alta,1,32.98,,,,,
COMP_0316,38.5,36.92,FRÁGIL,ESTABLE,50.74,1,critica,1,2024-11,0,,,,,5.35,cobro_clientes +3.0; trayectoria +1.8,6.17,0.0,GROUP_0150,22,22,7.507,0.967,1.0,alta,1,31.66,0.0,1.0,,6.0,
COMP_0846,38.46,36.86,FRÁGIL,ESTABLE,44.72,1,critica,1,2025-02,0,,,,,-15.65,liquidez -7.2; eficiencia -3.8,-14.06,0.0,GROUP_0141,22,22,7.507,0.967,1.0,alta,1,25.27,0.0,1.0,,12.0,
COMP_0698,38.45,35.3,FRÁGIL,DETERIORANDO,35.23,1,critica,1,2026-03,0,,,,,-8.63,deuda_comercial -8.7; cobro_clientes +1.0,-8.63,0.0,GROUP_0241,8,8,3.795,0.955,1.0,media,1,23.03,0.0,1.0,,,
COMP_0909,38.44,36.84,FRÁGIL,MEJORANDO,64.56,1,nivel_bajo,1,2025-08,0,,,,,-16.54,liquidez -11.3; eficiencia -3.8,-16.53,0.0,GROUP_0220,22,22,7.507,0.967,1.0,alta,1,33.01,0.0,2.0,,8.0,
COMP_1199,38.42,36.82,FRÁGIL,ESTABLE,48.35,1,vigilancia,1,2024-11,0,,,,,-2.91,trayectoria -2.9,-2.92,0.0,GROUP_0016,22,22,7.501,0.959,1.0,alta,1,43.74,1.0,2.0,10.0,12.0,-2.0
COMP_0001,38.37,36.04,FRÁGIL,ESTABLE,57.07,1,critica,1,2026-02,0,,,,,1.71,trayectoria +1.9,1.72,0.0,GROUP_0147,8,8,5.178,1.0,1.0,media,1,26.86,,,,,
COMP_0808,38.32,36.71,FRÁGIL,DETERIORANDO,29.31,1,critica,1,2025-01,1,2025-04,bache,23.9,1.38,-17.76,liquidez -11.3; eficiencia -3.4,-17.75,0.0,GROUP_0015,22,22,7.507,0.967,1.0,alta,1,27.52,,,,,
COMP_0051,38.3,36.69,FRÁGIL,ESTABLE,51.19,1,critica,1,2024-12,1,2025-12,bache,27.84,1.7,-9.57,trayectoria -5.5; colchon -3.8,-9.58,0.0,GROUP_0163,22,22,7.507,0.967,1.0,alta,1,17.03,1.0,2.0,11.0,12.0,-1.0
COMP_1237,38.24,36.29,FRÁGIL,ESTABLE,47.45,1,critica,0,2025-08,0,,,,,,,,,GROUP_0206,11,11,6.226,0.962,0.977,media,1,39.73,0.0,1.0,,,
COMP_0396,38.18,36.56,FRÁGIL,DETERIORANDO,33.23,1,critica,1,2025-04,1,2025-04,bache,43.11,2.02,-9.73,deuda_comercial -10.4; colchon +0.7,-9.73,0.0,GROUP_0096,22,22,7.507,0.967,1.0,alta,1,25.97,,,,,
COMP_0062,38.16,36.08,FRÁGIL,DETERIORANDO,32.55,1,critica,0,2025-04,0,,,,,,,,,GROUP_0165,14,14,5.867,0.949,1.0,alta,1,39.44,0.0,1.0,,3.0,
COMP_0780,38.13,36.45,FRÁGIL,MEJORANDO,60.72,1,critica,0,2025-01,0,,,,,1.42,colchon +1.2; deuda_comercial -0.7,0.63,0.0,GROUP_0065,22,22,7.244,0.967,1.0,alta,1,55.69,0.0,2.0,,12.0,
COMP_1226,38.08,35.72,FRÁGIL,MEJORANDO,60.0,1,doble_canal,1,2025-01,0,,,,,23.56,liquidez +18.0; eficiencia +13.0,21.96,-0.8,GROUP_0160,20,20,5.196,0.913,0.903,alta,1,64.27,,,,,
COMP_0155,38.02,36.39,FRÁGIL,DETERIORANDO,29.83,1,critica,1,2024-12,1,2025-03,bache,14.11,1.55,4.28,deuda_comercial +3.7; trayectoria +2.4,4.29,0.0,GROUP_0143,22,22,7.507,0.967,1.0,alta,1,35.78,1.0,1.0,3.0,1.0,2.0
COMP_1108,37.99,35.61,FRÁGIL,ESTABLE,50.96,1,nivel_bajo,1,2026-01,0,,,,,3.69,liquidez +3.1; cobro_clientes +1.8,3.69,0.0,GROUP_0119,8,8,5.178,1.0,1.0,media,1,40.95,0.0,1.0,,,
COMP_0737,37.76,36.1,FRÁGIL,MEJORANDO,63.06,1,critica,0,2025-05,0,,,,,32.11,liquidez +17.1; colchon +7.3,32.11,0.0,GROUP_0205,22,22,7.507,0.967,1.0,alta,1,54.3,0.0,2.0,,4.0,
COMP_0585,37.65,34.61,FRÁGIL,ESTABLE,50.8,1,critica,1,2025-08,0,,,,,-8.05,trayectoria -3.7; liquidez -3.7,-5.09,-2.94,GROUP_0004,13,13,4.122,0.917,0.953,alta,1,23.1,0.0,1.0,,,
COMP_0512,37.62,35.9,FRÁGIL,ESTABLE,53.96,1,critica,0,2025-03,0,,,,,-4.12,trayectoria -3.2; liquidez -3.1,-4.11,0.0,GROUP_0217,19,19,7.293,0.981,1.0,alta,1,42.68,,,,,
COMP_0079,37.57,35.31,FRÁGIL,ESTABLE,53.45,1,critica,1,2025-12,0,,,,,6.36,trayectoria +3.4; deuda_comercial +2.9,6.37,0.0,GROUP_0203,9,9,5.575,1.0,1.0,media,1,30.7,,,,,
COMP_0491,37.48,35.79,FRÁGIL,ESTABLE,49.2,1,vigilancia,1,2025-02,0,,,,,10.96,liquidez +7.2; eficiencia +3.4,10.96,0.0,GROUP_0146,22,22,7.507,0.967,1.0,alta,1,50.18,0.0,1.0,,,
COMP_0029,37.22,35.47,FRÁGIL,ESTABLE,53.01,1,vigilancia,1,2024-12,0,,,,,-8.8,eficiencia -7.1; trayectoria -3.5,-8.8,0.0,GROUP_0013,21,21,7.346,0.966,1.0,alta,1,45.68,0.0,2.0,,5.0,
COMP_0138,37.19,35.47,FRÁGIL,DETERIORANDO,38.94,1,critica,1,2025-08,1,2026-01,caida_estructural,15.75,1.8,-5.34,colchon -2.1; trayectoria +1.0,-1.34,0.0,GROUP_0035,22,22,7.507,0.967,1.0,alta,1,21.85,0.0,1.0,,,
COMP_0829,37.19,35.47,FRÁGIL,ESTABLE,42.17,1,critica,1,2025-04,1,2025-04,caida_estructural,16.43,2.42,-6.46,cobro_clientes -3.1; trayectoria -1.7,-6.46,0.0,GROUP_0153,22,22,7.507,0.967,1.0,alta,1,17.94,0.0,1.0,,2.0,
COMP_0878,37.14,31.2,FRÁGIL,DETERIORANDO,35.76,1,critica,1,2026-03,0,,,,,-17.18,eficiencia -7.0; liquidez -3.1,-12.38,0.0,GROUP_0147,6,6,2.182,0.88,0.88,media,1,10.11,,,,,
COMP_0218,37.09,35.08,FRÁGIL,DETERIORANDO,33.62,1,critica,1,2025-07,1,2025-09,bache,34.31,1.34,6.1,deuda_comercial +2.3; trayectoria +2.2,6.09,0.0,GROUP_0113,17,17,6.483,0.958,1.0,alta,1,30.81,1.0,2.0,3.0,5.0,-2.0
COMP_0876,37.0,35.26,FRÁGIL,DETERIORANDO,24.46,1,critica,1,2024-12,1,2025-05,bache,25.45,1.63,6.09,liquidez +11.3; colchon -3.8,6.08,0.0,GROUP_0189,22,22,7.507,0.967,1.0,alta,1,33.46,0.0,1.0,,,
COMP_0387,36.96,35.04,FRÁGIL,ESTABLE,53.9,1,critica,1,2025-01,0,,,,,-23.77,liquidez -11.3; eficiencia -3.8,-23.77,0.0,GROUP_0097,21,21,6.813,0.957,1.0,alta,1,15.58,1.0,1.0,12.0,9.0,3.0
COMP_1143,36.96,34.4,FRÁGIL,MEJORANDO,60.6,1,critica,0,2024-12,0,,,,,,,,,GROUP_0079,13,13,5.113,0.945,1.0,alta,1,30.38,0.0,1.0,,,
COMP_1110,36.9,34.04,FRÁGIL,DETERIORANDO,36.53,1,critica,1,2025-10,0,,,,,-3.76,eficiencia -8.0; trayectoria +5.1,-3.74,0.0,GROUP_0182,11,11,4.605,0.967,1.0,media,1,23.94,1.0,1.0,5.0,4.0,1.0
COMP_1208,36.81,33.58,FRÁGIL,MEJORANDO,63.32,1,critica,1,2026-02,0,,,,,-0.53,eficiencia +3.4; deuda_comercial -1.7,0.27,0.0,GROUP_0104,7,7,4.082,0.974,1.0,media,1,38.97,0.0,1.0,,,
COMP_0665,36.76,34.95,FRÁGIL,ESTABLE,53.0,1,critica,1,2024-12,0,,,,,-4.95,cobro_clientes -5.2; deuda_comercial -0.9,-4.96,0.0,GROUP_0150,21,21,7.34,0.957,1.0,alta,1,25.75,1.0,2.0,3.0,6.0,-3.0
COMP_0817,36.68,34.91,FRÁGIL,ESTABLE,45.55,1,nivel_bajo,1,2025-03,1,2025-03,bache,17.03,1.33,-1.61,trayectoria -5.0; colchon +3.3,-1.61,0.0,GROUP_0070,22,22,7.507,0.967,1.0,alta,1,28.45,0.0,2.0,,3.0,
COMP_0890,36.67,34.9,FRÁGIL,DETERIORANDO,13.25,1,critica,1,2025-02,0,,,,,-6.27,deuda_comercial -3.0; cobro_clientes -2.5,-6.28,0.0,GROUP_0245,22,22,7.507,0.967,1.0,alta,1,30.69,0.0,2.0,,6.0,
COMP_0568,36.64,34.78,FRÁGIL,DETERIORANDO,25.9,1,critica,1,2025-01,0,,,,,-5.03,colchon -6.2; liquidez +3.1,-5.02,0.0,GROUP_0150,20,20,7.181,0.982,1.0,alta,1,24.63,0.0,2.0,,9.0,
COMP_0149,36.61,34.84,FRÁGIL,ESTABLE,50.18,1,critica,1,2024-11,0,,,,,-9.41,colchon -4.2; liquidez -4.1,-9.41,0.0,GROUP_0132,22,22,7.507,0.967,1.0,alta,1,34.47,0.0,1.0,,,
COMP_0496,36.6,34.82,FRÁGIL,ESTABLE,56.82,1,critica,0,2025-01,1,2025-03,bache,30.63,1.92,-2.19,colchon -1.4,-0.59,0.0,GROUP_0137,22,22,7.501,0.959,1.0,alta,1,46.12,1.0,1.0,1.0,,1.0
COMP_0873,36.6,34.69,FRÁGIL,ESTABLE,45.59,1,critica,0,2025-03,0,,,,,18.13,liquidez +11.3; trayectoria +4.0,18.14,0.0,GROUP_0023,19,19,6.964,0.962,1.0,alta,1,47.96,0.0,2.0,,4.0,
COMP_1174,36.58,34.31,FRÁGIL,DETERIORANDO,35.44,1,critica,1,2025-04,0,,,,,13.52,deuda_comercial +13.4; cobro_clientes +1.8,13.52,0.0,GROUP_0148,17,17,5.884,0.947,1.0,alta,1,33.05,,,,,
COMP_0151,36.53,34.71,FRÁGIL,MEJORANDO,75.79,1,critica,0,2025-01,0,,,,,-1.32,eficiencia -12.3; colchon +11.1,-0.51,0.0,GROUP_0101,21,21,7.34,0.957,1.0,alta,1,51.04,0.0,1.0,,4.0,
COMP_0422,36.51,33.35,FRÁGIL,ESTABLE,52.46,1,critica,1,2025-12,0,,,,,-9.36,deuda_comercial -3.9; eficiencia -3.2,-9.38,0.0,GROUP_0018,12,12,4.245,0.94,1.0,alta,1,18.82,1.0,1.0,1.0,,1.0
COMP_1262,36.47,31.45,FRÁGIL,ESTABLE,56.06,1,critica,1,2026-03,0,,,,,-9.27,eficiencia -7.0; deuda_comercial -4.6,-9.28,0.0,GROUP_0026,6,6,2.678,0.94,0.94,media,1,23.88,,,,,
COMP_0337,36.43,33.64,FRÁGIL,DETERIORANDO,26.83,1,critica,0,2025-03,0,,,,,,,,,GROUP_0022,14,14,4.822,0.766,0.853,media,1,40.92,0.0,1.0,,,
COMP_0203,36.38,34.58,FRÁGIL,ESTABLE,57.64,1,critica,1,2025-03,1,2025-03,bache,20.62,1.43,-3.07,trayectoria -1.6; colchon -0.8,-3.07,0.0,GROUP_0016,22,22,7.507,0.967,1.0,alta,1,25.83,0.0,1.0,,2.0,
COMP_1182,36.38,34.57,FRÁGIL,ESTABLE,46.17,1,critica,1,2024-11,0,,,,,9.17,colchon +3.7; eficiencia +3.2,9.16,0.0,GROUP_0022,22,22,7.507,0.967,1.0,alta,1,24.76,0.0,1.0,,12.0,
COMP_0416,36.34,31.76,FRÁGIL,ESTABLE,44.17,1,nivel_bajo,1,2026-01,0,,,,,2.44,trayectoria +3.5; colchon -1.7,1.66,0.0,GROUP_0040,8,8,2.961,0.91,0.97,media,1,37.3,0.0,1.0,,4.0,
COMP_0013,36.2,33.75,FRÁGIL,MEJORANDO,65.83,1,critica,1,2026-01,0,,,,,-1.33,cobro_clientes -1.1,-1.33,0.0,GROUP_0203,9,9,5.575,1.0,1.0,media,1,27.55,0.0,1.0,,3.0,
COMP_0629,35.99,34.15,FRÁGIL,MEJORANDO,67.62,1,vigilancia,1,2024-12,0,,,,,16.55,liquidez +11.3; eficiencia +7.1,16.54,0.0,GROUP_0132,22,22,7.507,0.967,1.0,alta,1,47.7,1.0,2.0,6.0,7.0,-1.0
COMP_0410,35.74,33.87,FRÁGIL,ESTABLE,46.96,1,critica,1,2025-03,0,,,,,1.43,deuda_comercial -3.9; cobro_clientes +3.1,1.42,0.0,GROUP_0112,21,21,7.478,0.966,1.0,alta,1,27.21,0.0,1.0,,5.0,
COMP_0809,35.43,33.41,FRÁGIL,DETERIORANDO,36.58,1,critica,1,2025-02,0,,,,,-8.91,trayectoria -4.8; liquidez -4.1,-8.91,0.0,GROUP_0250,22,22,7.063,0.967,1.0,alta,1,32.55,1.0,1.0,7.0,6.0,1.0
COMP_1185,35.33,33.43,FRÁGIL,ESTABLE,52.85,1,critica,1,2024-11,0,,,,,0.95,deuda_comercial +4.2; colchon -1.8,2.55,0.0,GROUP_0126,22,22,7.507,0.967,1.0,alta,1,31.13,1.0,2.0,4.0,5.0,-1.0
COMP_0636,35.3,33.39,FRÁGIL,DETERIORANDO,37.59,1,critica,1,2024-12,1,2025-04,bache,17.54,2.11,4.42,deuda_comercial +3.4; trayectoria +1.8,4.41,0.0,GROUP_0037,22,22,7.507,0.967,1.0,alta,1,32.84,2.0,2.0,12.0,2.0,10.0
COMP_1193,35.25,32.6,FRÁGIL,MEJORANDO,65.43,1,critica,0,2025-06,0,,,,,19.06,deuda_comercial +14.0; eficiencia +3.8,19.06,0.0,GROUP_0081,17,17,5.403,0.947,1.0,alta,1,52.17,0.0,1.0,,8.0,
COMP_1093,35.2,32.98,FRÁGIL,DETERIORANDO,32.9,1,nivel_bajo,1,2025-11,1,2025-11,bache,15.5,1.86,-2.21,deuda_comercial -9.0; cobro_clientes +5.8,-2.19,0.0,GROUP_0200,17,17,6.483,0.958,1.0,alta,1,18.36,0.0,1.0,,6.0,
COMP_0510,35.19,33.04,FRÁGIL,DETERIORANDO,24.17,1,critica,1,2024-12,1,2025-10,bache,19.57,1.46,-10.06,liquidez -11.5; colchon +6.3,-7.64,0.0,GROUP_0079,21,21,6.724,0.93,0.953,alta,1,33.76,0.0,1.0,,3.0,
COMP_0130,35.11,33.14,FRÁGIL,DETERIORANDO,30.55,1,critica,1,2025-01,0,,,,,-12.91,eficiencia -7.1; liquidez -4.1,-12.9,0.0,GROUP_0079,21,21,7.346,0.966,1.0,alta,1,20.69,0.0,1.0,,,
COMP_0257,35.05,33.08,FRÁGIL,DETERIORANDO,38.64,1,critica,0,2025-01,0,,,,,29.69,liquidez +8.3; colchon +7.2,29.69,0.0,GROUP_0023,21,21,7.34,0.957,1.0,alta,1,54.36,0.0,2.0,,12.0,
COMP_0027,35.02,30.42,FRÁGIL,MEJORANDO,66.28,1,critica,1,2026-01,0,,,,,-10.96,deuda_comercial -5.2; cobro_clientes -3.1,-10.98,0.0,GROUP_0241,8,8,3.16,0.91,1.0,media,1,27.46,0.0,2.0,,4.0,
COMP_0291,34.93,32.02,FRÁGIL,ESTABLE,48.55,1,critica,1,2026-01,0,,,,,-16.04,liquidez -17.1; colchon +8.0,-16.05,0.0,GROUP_0104,8,8,5.022,1.0,1.0,media,1,26.21,0.0,1.0,,,
COMP_0907,34.81,32.67,FRÁGIL,DETERIORANDO,35.28,1,critica,1,2024-12,0,,,,,,,,,GROUP_0022,20,20,6.871,0.964,1.0,alta,1,41.14,0.0,1.0,,,
COMP_0313,34.73,32.52,FRÁGIL,DETERIORANDO,41.77,1,critica,1,2025-01,1,2025-11,bache,27.36,1.72,0.91,colchon +1.4; trayectoria -0.5,0.92,0.0,GROUP_0094,21,21,6.682,0.966,1.0,alta,1,20.17,0.0,2.0,,10.0,
COMP_0095,34.59,31.51,FRÁGIL,MEJORANDO,64.66,1,critica,1,2025-11,0,,,,,6.94,deuda_comercial +3.5; trayectoria +2.5,6.95,0.0,GROUP_0240,10,10,4.83,0.964,1.0,media,1,29.72,0.0,1.0,,,
COMP_0986,34.56,31.69,FRÁGIL,DETERIORANDO,35.85,1,critica,1,2026-01,0,,,,,-10.72,deuda_comercial -8.1; cobro_clientes -2.9,-10.72,0.0,GROUP_0044,8,8,5.178,1.0,1.0,media,1,14.74,0.0,1.0,,,
COMP_0017,34.37,32.18,FRÁGIL,ESTABLE,50.6,1,critica,1,2025-05,0,,,,,-1.46,trayectoria -2.4; colchon +1.9,-1.45,0.0,GROUP_0073,16,16,6.867,1.0,1.0,alta,1,25.44,0.0,1.0,,,
COMP_0342,34.3,31.35,FRÁGIL,MEJORANDO,69.84,1,vigilancia,0,2025-01,1,2025-12,bache,20.83,1.96,,,,,GROUP_0079,13,13,5.113,0.945,1.0,alta,1,48.0,0.0,1.0,,,
COMP_1242,33.93,30.73,FRÁGIL,MEJORANDO,68.64,1,critica,0,2026-01,0,,,,,12.76,liquidez +11.3; deuda_comercial +1.0,12.76,0.0,GROUP_0122,8,8,4.795,0.978,1.0,media,1,47.26,0.0,1.0,,4.0,
COMP_0178,33.88,31.81,FRÁGIL,ESTABLE,54.25,1,critica,1,2024-12,0,,,,,-5.64,trayectoria -4.3,-4.04,0.0,GROUP_0220,22,22,7.419,0.967,1.0,alta,1,13.97,2.0,2.0,3.0,2.0,1.0
COMP_0903,33.48,31.22,FRÁGIL,DETERIORANDO,37.48,1,vigilancia,1,2025-03,0,,,,,8.64,colchon +8.8,8.64,0.0,GROUP_0079,20,20,6.951,0.95,0.953,alta,1,45.68,0.0,1.0,,,
COMP_0343,32.94,30.11,CRÍTICO,DETERIORANDO,30.17,1,critica,1,2025-01,0,,,,,0.0,,0.0,0.0,GROUP_0167,20,20,5.697,0.84,0.68,media,1,19.9,0.0,1.0,,,
COMP_0123,32.9,30.75,CRÍTICO,MEJORANDO,68.81,1,critica,1,2024-11,0,,,,,4.55,liquidez +4.1; colchon +3.0,6.16,0.0,GROUP_0153,22,22,7.507,0.967,1.0,alta,1,36.69,0.0,2.0,,11.0,
COMP_0293,32.85,30.7,CRÍTICO,ESTABLE,54.86,1,critica,1,2024-11,0,,,,,-7.24,deuda_comercial -5.7; colchon -1.4,-7.25,0.0,GROUP_0126,22,22,7.507,0.967,1.0,alta,1,19.35,1.0,1.0,3.0,4.0,-1.0
COMP_0615,32.68,30.46,CRÍTICO,DETERIORANDO,14.84,1,critica,1,2025-01,0,,,,,0.13,,0.14,0.0,GROUP_0079,21,21,7.346,0.966,1.0,alta,1,11.31,0.0,1.0,,2.0,
COMP_0099,32.49,30.3,CRÍTICO,DETERIORANDO,20.27,1,critica,1,2025-09,1,2025-09,caida_estructural,16.44,1.42,-4.35,cobro_clientes -3.2; colchon -1.2,-4.33,0.0,GROUP_0238,22,22,7.507,0.967,1.0,alta,1,15.89,0.0,1.0,,3.0,
COMP_0793,32.48,29.3,CRÍTICO,MEJORANDO,73.71,1,critica,1,2026-01,0,,,,,1.02,deuda_comercial -3.8; colchon +3.7,1.01,0.0,GROUP_0147,8,8,5.178,1.0,1.0,media,1,33.15,0.0,1.0,,,
COMP_0279,32.31,30.11,CRÍTICO,DETERIORANDO,31.35,1,critica,0,2024-12,0,,,,,,,,,GROUP_0022,21,21,7.556,0.959,0.977,alta,1,18.76,0.0,1.0,,1.0,
COMP_1225,32.12,28.13,CRÍTICO,DETERIORANDO,33.42,1,critica,1,2026-02,0,,,,,-0.37,,-0.38,0.0,GROUP_0044,8,8,4.183,1.0,1.0,media,1,20.27,0.0,2.0,,5.0,
COMP_0783,31.87,27.85,CRÍTICO,ESTABLE,55.46,1,critica,1,2026-01,0,,,,,-25.74,liquidez -17.1; trayectoria -5.2,-25.76,0.0,GROUP_0122,8,8,4.202,0.91,0.97,media,1,15.4,2.0,2.0,3.0,5.0,-2.0
COMP_0485,31.82,25.29,CRÍTICO,DETERIORANDO,23.76,1,critica,1,2026-05,0,,,,,-4.54,cobro_clientes -3.0; colchon -1.2,-4.54,0.0,GROUP_0052,7,7,2.594,0.897,0.94,media,1,13.9,0.0,1.0,,3.0,
COMP_0895,31.64,29.37,CRÍTICO,DETERIORANDO,25.5,1,critica,1,2025-07,0,,,,,-2.76,,-0.36,0.0,GROUP_0016,22,22,7.507,0.967,1.0,alta,1,18.1,0.0,2.0,,4.0,
COMP_1159,31.61,27.96,CRÍTICO,ESTABLE,57.67,1,critica,0,2025-07,0,,,,,,,,,GROUP_0235,8,8,4.682,0.982,0.977,media,1,31.7,0.0,1.0,,,
COMP_0338,31.59,29.08,CRÍTICO,DETERIORANDO,25.05,1,critica,1,2025-04,0,,,,,-0.63,,-0.62,0.0,GROUP_0088,20,20,6.816,0.964,1.0,alta,1,23.89,0.0,2.0,,2.0,
COMP_0670,31.59,29.12,CRÍTICO,DETERIORANDO,37.83,1,critica,1,2025-04,0,,,,,11.37,liquidez +4.1; eficiencia +3.8,11.38,0.0,GROUP_0101,21,21,6.929,0.966,1.0,alta,1,28.96,1.0,1.0,1.0,4.0,-3.0
COMP_1046,31.27,28.06,CRÍTICO,ESTABLE,44.24,1,critica,0,2025-05,0,,,,,,,,,GROUP_0079,15,15,5.393,0.933,0.953,alta,1,35.5,0.0,1.0,,,
COMP_0570,31.16,27.48,CRÍTICO,MEJORANDO,70.23,1,critica,1,2026-02,0,,,,,-4.59,colchon +1.0,1.02,0.0,GROUP_0123,7,7,4.733,1.0,1.0,media,1,26.75,0.0,1.0,,2.0,
COMP_0601,31.12,28.75,CRÍTICO,ESTABLE,46.02,1,critica,1,2024-12,0,,,,,10.11,liquidez +4.1; trayectoria +4.1,10.12,0.0,GROUP_0070,22,22,7.396,0.967,1.0,alta,1,30.94,2.0,2.0,7.0,4.0,3.0
COMP_1210,30.6,28.07,CRÍTICO,DETERIORANDO,39.9,1,critica,1,2025-03,0,,,,,0.81,deuda_comercial -4.6; colchon +2.1,-1.59,0.0,GROUP_0015,18,18,7.046,0.9,1.0,alta,1,12.05,0.0,1.0,,,
COMP_0813,30.55,27.9,CRÍTICO,DETERIORANDO,29.52,1,critica,1,2025-07,0,,,,,-2.81,colchon -1.6; trayectoria -1.2,-2.81,0.0,GROUP_0155,21,21,6.754,0.966,1.0,alta,1,14.26,0.0,1.0,,3.0,
COMP_1049,30.48,27.01,CRÍTICO,MEJORANDO,66.63,1,critica,1,2026-01,0,,,,,-2.01,colchon -1.2; trayectoria -1.0,-2.0,0.0,GROUP_0025,8,8,5.178,1.0,1.0,media,1,22.24,0.0,1.0,,,
COMP_1042,30.47,27.69,CRÍTICO,DETERIORANDO,41.8,1,critica,1,2024-12,1,2025-09,bache,36.25,2.16,2.49,colchon +2.5,2.49,0.0,GROUP_0012,21,21,6.45,0.86,0.847,alta,1,15.08,0.0,1.0,,,
COMP_0649,30.26,27.85,CRÍTICO,DETERIORANDO,30.83,1,critica,1,2025-09,0,,,,,-6.0,deuda_comercial -5.4; cobro_clientes -0.6,-6.01,0.0,GROUP_0153,22,22,7.507,0.967,1.0,alta,1,20.71,0.0,2.0,,7.0,
COMP_0732,30.24,27.75,CRÍTICO,DETERIORANDO,34.85,1,critica,1,2024-11,0,,,,,5.2,trayectoria +3.3; colchon +1.9,5.18,0.0,GROUP_0022,22,22,7.273,0.967,1.0,alta,1,24.27,1.0,1.0,1.0,2.0,-1.0
COMP_0126,30.23,27.69,CRÍTICO,ESTABLE,42.17,1,critica,1,2025-01,0,,,,,-3.38,trayectoria -3.0; colchon +1.3,-1.77,0.0,GROUP_0220,20,20,7.16,0.955,1.0,alta,1,16.16,0.0,2.0,,4.0,
COMP_0044,30.04,25.55,CRÍTICO,ESTABLE,46.34,1,critica,1,2026-01,0,,,,,0.79,trayectoria +1.6; deuda_comercial -0.8,0.78,0.0,GROUP_0241,8,8,4.072,0.955,1.0,media,1,30.65,0.0,2.0,,4.0,
COMP_0048,29.46,23.15,CRÍTICO,ESTABLE,44.83,1,critica,1,2026-01,0,,,,,-1.89,deuda_comercial -0.9; trayectoria +0.6,-0.3,0.0,GROUP_0241,8,8,2.964,0.91,1.0,media,1,16.92,0.0,2.0,,7.0,
COMP_1264,29.32,26.81,CRÍTICO,DETERIORANDO,30.76,1,critica,1,2024-11,0,,,,,-3.79,deuda_comercial -2.7; trayectoria -1.4,-3.8,0.0,GROUP_0155,22,22,7.507,0.967,1.0,alta,1,38.15,0.0,2.0,,12.0,
COMP_0989,29.26,26.26,CRÍTICO,DETERIORANDO,25.95,1,critica,1,2025-06,0,,,,,3.63,"colchon +2.5; liquidez +1.3 (cambio dominado por datos nuevos, no por comportamiento)",1.76,2.57,GROUP_0038,15,15,6.292,0.967,0.977,alta,1,18.36,1.0,1.0,1.0,2.0,-1.0
COMP_0498,29.23,20.44,CRÍTICO,MEJORANDO,68.42,1,critica,1,2026-03,0,,,,,-3.36,cobro_clientes -3.0; colchon -1.6,-3.36,0.0,GROUP_0153,6,6,2.148,0.85,0.85,media,1,14.0,0.0,1.0,,1.0,
COMP_0533,29.13,26.23,CRÍTICO,DETERIORANDO,36.95,1,critica,1,2025-01,0,,,,,7.96,liquidez +9.6; trayectoria -3.8,7.95,0.0,GROUP_0079,21,21,6.533,0.944,0.953,alta,1,27.77,0.0,1.0,,,
COMP_0267,29.07,26.45,CRÍTICO,DETERIORANDO,37.98,1,critica,1,2025-04,1,2025-04,bache,11.55,1.45,-7.14,colchon -4.8; trayectoria -2.4,-7.15,0.0,GROUP_0155,22,22,7.229,0.967,1.0,alta,1,18.74,0.0,1.0,,,
COMP_0757,29.07,25.35,CRÍTICO,ESTABLE,57.29,1,nivel_bajo,1,2026-01,0,,,,,0.57,deuda_comercial +2.5; colchon -1.5,-0.23,0.0,GROUP_0133,8,8,5.098,0.978,1.0,media,1,23.0,1.0,2.0,5.0,4.0,1.0
COMP_0412,28.77,26.21,CRÍTICO,MEJORANDO,59.23,1,critica,1,2025-01,0,,,,,3.24,liquidez +7.2; eficiencia -3.4,3.26,0.0,GROUP_0016,22,22,7.507,0.967,1.0,alta,1,39.93,0.0,2.0,,11.0,
COMP_0552,28.61,25.55,CRÍTICO,ESTABLE,44.33,1,critica,1,2025-03,0,,,,,-1.44,colchon -1.4,-1.44,0.0,GROUP_0126,20,20,6.325,0.92,1.0,alta,1,23.7,0.0,1.0,,,
COMP_1170,28.42,25.82,CRÍTICO,DETERIORANDO,36.74,1,critica,1,2025-03,1,2025-05,bache,32.84,1.93,1.92,trayectoria +1.9,1.93,0.0,GROUP_0090,22,22,7.507,0.967,1.0,alta,1,19.95,0.0,1.0,,10.0,
COMP_0376,28.39,23.69,CRÍTICO,ESTABLE,42.78,1,critica,1,2025-10,0,,,,,3.87,trayectoria +2.5; colchon +1.4,3.87,0.0,GROUP_0070,11,11,4.15,0.935,1.0,media,1,22.26,0.0,2.0,,8.0,
COMP_0959,28.35,25.67,CRÍTICO,ESTABLE,47.23,1,vigilancia,1,2024-11,1,2026-08,bache,15.66,1.47,33.96,liquidez +17.1; eficiencia +10.4,33.99,0.0,GROUP_0013,22,22,7.303,0.903,1.0,alta,1,55.95,0.0,2.0,,4.0,
COMP_1058,28.35,25.67,CRÍTICO,ESTABLE,49.23,1,critica,1,2025-01,0,,,,,-3.03,cobro_clientes -3.2,-3.02,0.0,GROUP_0124,20,20,7.314,0.964,1.0,alta,1,26.11,0.0,2.0,,4.0,
COMP_0041,28.2,21.41,CRÍTICO,MEJORANDO,59.51,1,critica,1,2026-01,0,,,,,20.34,liquidez +17.1; eficiencia +3.8,20.35,0.0,GROUP_0149,9,9,2.898,0.94,1.0,media,1,29.09,0.0,2.0,,7.0,
COMP_0124,28.06,24.19,CRÍTICO,ESTABLE,56.14,1,critica,1,2026-01,0,,,,,-5.59,colchon -0.7,-0.78,0.0,GROUP_0136,8,8,5.098,0.978,1.0,media,1,18.97,0.0,1.0,,3.0,
COMP_0658,28.05,25.42,CRÍTICO,DETERIORANDO,21.22,1,critica,1,2024-11,0,,,,,-2.41,deuda_comercial -3.7; trayectoria +1.0,-2.42,0.0,GROUP_0132,22,22,7.507,0.967,1.0,alta,1,12.7,0.0,1.0,,7.0,
COMP_0504,27.78,25.12,CRÍTICO,DETERIORANDO,36.79,1,critica,1,2024-11,1,2025-08,bache,18.08,1.47,13.76,trayectoria +6.9; deuda_comercial +3.3,13.74,0.0,GROUP_0013,22,22,7.507,0.967,1.0,alta,1,26.57,0.0,1.0,,,
COMP_1074,27.7,24.07,CRÍTICO,DETERIORANDO,34.32,1,critica,1,2025-09,0,,,,,-3.3,trayectoria -3.1,-3.3,0.0,GROUP_0238,14,14,5.517,0.949,1.0,alta,1,10.48,0.0,2.0,,9.0,
COMP_0854,26.7,23.76,CRÍTICO,ESTABLE,46.47,1,critica,1,2025-05,0,,,,,-1.84,colchon -1.7,-1.81,0.0,GROUP_0131,16,16,7.075,1.0,1.0,alta,1,25.45,1.0,2.0,4.0,7.0,-3.0
COMP_0106,26.66,23.81,CRÍTICO,ESTABLE,55.98,1,critica,1,2025-01,0,,,,,2.14,colchon +2.1,2.16,0.0,GROUP_0022,21,21,7.302,0.959,1.0,alta,1,25.76,0.0,2.0,,3.0,
COMP_0647,26.33,23.52,CRÍTICO,DETERIORANDO,35.98,1,critica,1,2024-11,0,,,,,-2.47,colchon -1.4; trayectoria -1.0,-2.47,0.0,GROUP_0126,22,22,7.507,0.967,1.0,alta,1,10.76,0.0,2.0,,12.0,
COMP_0273,26.17,22.84,CRÍTICO,DETERIORANDO,28.61,1,critica,1,2025-01,1,2025-03,bache,30.76,1.54,-1.64,colchon -1.8,-1.64,0.0,GROUP_0155,22,22,6.371,0.967,1.0,alta,1,9.13,0.0,1.0,,1.0,
COMP_1085,25.45,22.31,CRÍTICO,ESTABLE,47.34,1,critica,1,2025-04,1,2025-08,bache,27.79,1.46,7.85,eficiencia +7.0; trayectoria +2.1,7.85,0.0,GROUP_0137,18,18,6.924,0.96,1.0,alta,1,29.99,1.0,2.0,3.0,2.0,1.0
COMP_0650,24.22,19.65,CRÍTICO,DETERIORANDO,27.73,1,critica,0,2025-09,0,,,,,,,,,GROUP_0038,11,11,4.955,0.967,1.0,media,1,6.32,0.0,1.0,,11.0,
COMP_0105,23.76,20.63,CRÍTICO,DETERIORANDO,27.99,1,critica,1,2024-12,0,,,,,-9.35,colchon -3.3; eficiencia -3.2,-7.74,0.0,GROUP_0079,21,21,7.346,0.966,1.0,alta,1,8.2,0.0,2.0,,11.0,
COMP_0207,23.72,20.66,CRÍTICO,DETERIORANDO,32.03,1,critica,1,2025-02,0,,,,,-6.76,deuda_comercial -0.9,-1.17,0.0,GROUP_0153,22,22,7.507,0.967,1.0,alta,1,19.06,0.0,2.0,,12.0,
COMP_0132,23.12,18.58,CRÍTICO,MEJORANDO,67.03,1,critica,1,2026-01,0,,,,,-4.1,trayectoria -2.1; colchon -1.2,-2.52,0.0,GROUP_0104,8,8,5.178,1.0,1.0,media,1,18.67,0.0,2.0,,4.0,
COMP_0420,22.71,18.12,CRÍTICO,MEJORANDO,63.9,1,critica,1,2026-01,0,,,,,-1.49,colchon -1.3,-1.49,0.0,GROUP_0104,8,8,5.178,1.0,1.0,media,1,10.63,1.0,2.0,7.0,6.0,1.0
COMP_0372,22.39,17.96,CRÍTICO,DETERIORANDO,41.53,1,critica,1,2025-12,0,,,,,0.44,,0.45,0.0,GROUP_0144,9,9,5.424,0.96,1.0,media,1,13.4,1.0,2.0,3.0,4.0,-1.0
COMP_1209,22.28,19.0,CRÍTICO,DETERIORANDO,25.79,1,critica,1,2025-01,0,,,,,3.77,trayectoria +4.2,3.78,0.0,GROUP_0079,21,21,7.346,0.966,1.0,alta,1,12.51,0.0,2.0,,12.0,
COMP_1256,21.83,18.51,CRÍTICO,DETERIORANDO,40.41,1,critica,1,2025-02,0,,,,,-0.68,trayectoria -2.5; colchon +1.9,-0.68,0.0,GROUP_0079,21,21,7.346,0.966,1.0,alta,1,13.73,2.0,2.0,8.0,9.0,-1.0
COMP_0865,20.58,12.86,CRÍTICO,DETERIORANDO,35.42,1,critica,1,2025-12,0,,,,,0.65,trayectoria +3.1,3.05,0.0,GROUP_0230,9,9,3.288,0.92,1.0,media,1,9.25,0.0,1.0,,3.0,
COMP_0723,20.53,13.84,CRÍTICO,ESTABLE,47.42,1,critica,0,2025-10,0,,,,,,,,,GROUP_0230,11,11,3.796,0.955,0.977,media,1,14.94,0.0,1.0,,2.0,
COMP_1243,19.46,14.39,CRÍTICO,DETERIORANDO,37.17,1,critica,1,2026-01,0,,,,,-0.24,deuda_comercial +2.1; colchon -1.2,1.37,0.0,GROUP_0104,8,8,5.178,1.0,1.0,media,1,9.29,0.0,2.0,,4.0,
COMP_0492,19.35,11.71,CRÍTICO,DETERIORANDO,30.56,1,nivel_bajo,0,2024-12,0,,,,,,,,,GROUP_0150,11,11,3.44,0.867,0.93,media,1,8.12,0.0,1.0,,8.0,
COMP_0908,19.29,15.78,CRÍTICO,DETERIORANDO,41.36,1,critica,1,2024-11,0,,,,,-6.67,deuda_comercial -3.2; trayectoria -1.7,-6.67,0.0,GROUP_0022,22,22,7.507,0.967,1.0,alta,1,8.27,0.0,1.0,,11.0,
COMP_0645,18.03,13.83,CRÍTICO,ESTABLE,47.38,1,critica,0,2025-03,0,,,,,,,,,GROUP_0217,17,17,6.501,0.954,0.977,alta,1,12.47,0.0,2.0,,10.0,
COMP_0071,17.58,13.26,CRÍTICO,ESTABLE,44.33,1,critica,1,2025-06,0,,,,,-7.38,colchon +0.9,0.61,0.0,GROUP_0102,15,15,6.381,0.9,1.0,alta,1,6.9,0.0,1.0,,,
COMP_0164,17.13,13.41,CRÍTICO,DETERIORANDO,40.83,1,critica,1,2024-12,0,,,,,23.45,eficiencia +12.3; trayectoria +1.1,13.84,0.0,GROUP_0154,22,22,7.507,0.967,1.0,alta,1,28.7,0.0,1.0,,12.0,
COMP_0038,16.22,10.31,CRÍTICO,ESTABLE,49.1,1,critica,1,2026-02,0,,,,,2.4,trayectoria +2.4,2.39,0.0,GROUP_0104,8,8,4.847,1.0,1.0,media,1,9.25,0.0,2.0,,3.0,
COMP_0045,77.73,87.9,SALUDABLE,MEJORANDO,58.96,0,,0,,0,,,,,4.38,liquidez +2.7; colchon +1.3,4.39,0.0,GROUP_0242,5,5,1.719,0.856,0.856,baja,0,89.54,,,,,
COMP_0551,77.25,91.53,SALUDABLE,ESTABLE,51.52,0,,0,,0,,,,,11.0,colchon +18.0; trayectoria +6.8,9.61,1.4,GROUP_0184,4,4,1.2,0.82,0.82,baja,0,96.08,,,,,
COMP_0240,76.75,90.71,SALUDABLE,ESTABLE,56.44,0,,0,,0,,,,,-0.96,"colchon +14.6; deuda_comercial -4.2 (cambio dominado por datos nuevos, no por comportamiento)",-0.04,-0.92,GROUP_0009,4,4,1.2,0.82,0.82,baja,0,87.71,,,,,
COMP_0528,76.67,86.38,SALUDABLE,MEJORANDO,59.75,0,,0,,0,,,,,-2.93,trayectoria -3.5; colchon +0.6,-2.92,0.0,GROUP_0192,5,5,1.719,0.856,0.856,baja,0,87.36,,,,,
COMP_1179,75.45,84.63,SALUDABLE,ESTABLE,50.62,0,,0,,0,,,,,-0.83,eficiencia -2.0; colchon +1.2,-0.83,0.0,GROUP_0239,5,5,1.719,0.856,0.856,baja,0,82.76,,,,,
COMP_0749,73.75,85.84,SALUDABLE,MEJORANDO,58.56,0,,0,,0,,,,,-8.18,"colchon +9.3; deuda_comercial -4.2 (cambio dominado por datos nuevos, no por comportamiento)",-1.8,-6.39,GROUP_0243,4,4,1.2,0.82,0.82,baja,0,83.04,,,,,
COMP_0954,73.53,85.49,SALUDABLE,ESTABLE,46.33,0,,0,,0,,,,,-2.84,"colchon +12.2; deuda_comercial -4.2 (cambio dominado por datos nuevos, no por comportamiento)",0.7,-3.53,GROUP_0011,4,4,1.2,0.82,0.82,baja,0,86.41,,,,,
COMP_0040,73.26,85.05,SALUDABLE,MEJORANDO,62.01,0,,0,,0,,,,,,,,,GROUP_0178,4,4,1.2,0.82,0.82,baja,0,81.21,,,,,
COMP_1140,73.15,84.86,SALUDABLE,DETERIORANDO,41.7,0,,0,,0,,,,,1.36,colchon +12.7; eficiencia -5.0,4.44,-3.07,GROUP_0011,4,4,1.2,0.82,0.82,baja,0,87.0,,,,,
COMP_0603,73.07,81.21,SALUDABLE,MEJORANDO,76.24,0,,0,,0,,,,,-4.06,trayectoria -4.0,-4.07,0.0,GROUP_0239,5,5,1.719,0.856,0.856,baja,0,81.86,,,,,
COMP_0970,71.82,82.7,SALUDABLE,ESTABLE,53.38,0,,0,,0,,,,,-8.97,"colchon +9.5; liquidez -6.7 (cambio dominado por datos nuevos, no por comportamiento)",-3.23,-4.92,GROUP_0011,4,4,1.2,0.82,0.82,baja,0,76.24,,,,,
COMP_0468,71.31,81.87,SALUDABLE,MEJORANDO,70.51,0,,0,,0,,,,,-1.09,"colchon +9.1; deuda_comercial -4.2 (cambio dominado por datos nuevos, no por comportamiento)",5.33,-6.42,GROUP_0138,4,4,1.2,0.82,0.82,baja,0,81.18,,,,,
COMP_0900,71.26,81.79,SALUDABLE,ESTABLE,55.85,0,,0,,0,,,,,-5.35,colchon +12.1; trayectoria -7.4,-2.9,-2.43,GROUP_0199,4,4,1.2,0.82,0.82,baja,0,79.72,,,,,
COMP_1101,70.15,77.02,SALUDABLE,ESTABLE,45.15,0,,0,,0,,,,,8.38,trayectoria +6.8; colchon +1.5,8.37,0.0,GROUP_0236,5,5,1.719,0.856,0.856,baja,0,79.99,,,,,
COMP_0296,69.79,76.19,SALUDABLE,SIN DATOS,30.56,0,,0,,0,,,,,10.89,liquidez +16.9; trayectoria +5.5,20.04,-9.14,GROUP_0199,3,3,1.804,0.88,0.88,baja,0,74.66,,,,,
COMP_1121,69.68,88.24,SALUDABLE,DETERIORANDO,20.05,0,,0,,0,,,,,,,,,GROUP_0165,3,3,0.618,0.76,0.76,baja,0,80.22,,,,,
COMP_0413,69.5,76.08,SALUDABLE,DETERIORANDO,38.28,1,vigilancia,1,2026-08,1,2026-08,caida_estructural,14.7,2.08,-14.05,liquidez -7.2; eficiencia -3.4,-14.07,0.0,GROUP_0130,5,5,1.719,0.856,0.856,baja,0,63.96,,,,,
COMP_0589,69.11,78.29,SALUDABLE,ESTABLE,57.74,0,,0,,0,,,,,-4.24,colchon +12.1; liquidez -6.7,-3.29,-0.94,GROUP_0138,4,4,1.2,0.82,0.82,baja,0,71.34,,,,,
COMP_0206,68.81,75.09,SALUDABLE,ESTABLE,56.04,0,,0,,0,,,,,24.33,liquidez +11.3; trayectoria +5.8,24.33,0.0,GROUP_0239,5,5,1.719,0.856,0.856,baja,0,85.57,,,,,
COMP_0271,68.76,77.72,SALUDABLE,ESTABLE,57.32,0,,0,,0,,,,,-3.67,"colchon +8.7; deuda_comercial -4.2 (cambio dominado por datos nuevos, no por comportamiento)",1.71,-5.4,GROUP_0138,4,4,1.2,0.82,0.82,baja,0,74.83,,,,,
COMP_1268,68.57,77.43,SALUDABLE,DETERIORANDO,41.7,0,,0,,0,,,,,-11.73,colchon +10.9; trayectoria -6.5,-9.1,-2.63,GROUP_0027,4,4,1.2,0.82,0.82,baja,0,73.99,,,,,
COMP_0302,68.34,77.05,SALUDABLE,ESTABLE,52.13,0,,0,,0,,,,,-12.26,liquidez -9.7; colchon +8.6,-7.07,-5.19,GROUP_0243,4,4,1.2,0.82,0.82,baja,0,73.98,,,,,
COMP_0111,68.25,76.9,SALUDABLE,DETERIORANDO,31.88,0,,0,,0,,,,,-9.32,colchon +9.6; liquidez -6.4,-5.55,-3.76,GROUP_0243,4,4,1.2,0.82,0.82,baja,0,72.75,,,,,
COMP_0853,67.98,80.44,ESTABLE,ESTABLE,50.7,0,,0,,0,,,,,,,,,GROUP_0001,4,4,0.817,0.785,0.785,baja,0,69.78,,,,,
COMP_0893,67.56,75.79,ESTABLE,ESTABLE,43.35,0,,0,,0,,,,,-6.66,"colchon +9.1; liquidez -6.4 (cambio dominado por datos nuevos, no por comportamiento)",-1.78,-4.88,GROUP_0011,4,4,1.2,0.82,0.82,baja,0,74.19,,,,,
COMP_0211,67.41,75.53,ESTABLE,DETERIORANDO,39.02,0,,0,,0,,,,,-3.66,"colchon +9.2; deuda_comercial -4.2 (cambio dominado por datos nuevos, no por comportamiento)",1.27,-4.92,GROUP_0243,4,4,1.2,0.82,0.82,baja,0,75.87,,,,,
COMP_1044,67.3,75.35,ESTABLE,ESTABLE,57.51,0,,0,,0,,,,,-15.39,liquidez -9.7; colchon +8.6,-11.68,-3.69,GROUP_0076,4,4,1.2,0.82,0.82,baja,0,66.35,,,,,
COMP_0939,67.28,72.9,ESTABLE,ESTABLE,52.4,0,,0,,0,,,,,-5.58,colchon -4.4; trayectoria -1.2,-5.58,0.0,GROUP_0001,5,5,1.719,0.856,0.856,baja,0,70.77,,,,,
COMP_0554,67.09,72.62,ESTABLE,ESTABLE,53.2,0,,0,,0,,,,,-11.5,liquidez -8.3; eficiencia -3.4,-11.5,0.0,GROUP_0184,5,5,1.719,0.856,0.856,baja,0,64.69,,,,,
COMP_0484,66.78,74.52,ESTABLE,ESTABLE,50.25,0,,0,,0,,,,,-10.39,liquidez -10.6; colchon +8.9,-6.42,-3.98,GROUP_0138,4,4,1.2,0.82,0.82,baja,0,69.36,,,,,
COMP_0501,66.25,73.65,ESTABLE,DETERIORANDO,17.73,0,,0,,0,,,,,-2.22,colchon +13.9; liquidez -6.4,-3.36,1.15,GROUP_0138,4,4,1.2,0.82,0.82,baja,0,72.08,,,,,
COMP_0319,66.01,71.07,ESTABLE,ESTABLE,51.85,1,vigilancia,1,2026-08,1,2026-08,caida_estructural,16.98,1.81,-19.34,liquidez -8.3; colchon -4.0,-19.34,0.0,GROUP_0184,5,5,1.719,0.856,0.856,baja,0,61.76,,,,,
COMP_0355,65.96,72.29,ESTABLE,ESTABLE,43.52,0,,0,,0,,,,,3.47,liquidez +17.1; eficiencia -13.3,3.48,0.0,GROUP_0049,5,5,1.369,0.82,0.82,baja,0,73.84,,,,,
COMP_0971,65.61,72.61,ESTABLE,DETERIORANDO,26.41,0,,0,,0,,,,,-9.39,"liquidez -6.4; colchon +5.5 (cambio dominado por datos nuevos, no por comportamiento)",-1.45,-7.94,GROUP_0152,4,4,1.2,0.82,0.82,baja,0,69.21,,,,,
COMP_0236,65.53,72.48,ESTABLE,DETERIORANDO,41.41,0,,0,,0,,,,,-24.58,liquidez -13.8; colchon +8.4,-17.11,-3.46,GROUP_0243,4,4,1.2,0.82,0.82,baja,0,60.67,,,,,
COMP_1259,65.4,71.26,ESTABLE,ESTABLE,43.97,0,,0,,0,,,,,,,,,GROUP_0151,5,5,1.407,0.856,0.856,baja,0,58.08,,,,,
COMP_0744,65.23,71.99,ESTABLE,ESTABLE,57.41,0,,0,,0,,,,,1.62,colchon +9.2; deuda_comercial -4.2,3.73,-2.11,GROUP_0032,4,4,1.2,0.82,0.82,baja,0,63.25,,,,,
COMP_0158,65.02,71.64,ESTABLE,ESTABLE,56.55,0,,0,,0,,,,,-10.14,colchon +6.2; liquidez -5.9,-5.11,-5.02,GROUP_0001,4,4,1.2,0.82,0.82,baja,0,60.02,,,,,
COMP_0297,64.86,71.39,ESTABLE,DETERIORANDO,28.01,0,,0,,0,,,,,-17.79,liquidez -13.8; colchon +12.8,-19.46,1.68,GROUP_0011,4,4,1.2,0.82,0.82,baja,0,65.0,,,,,
COMP_0444,64.51,68.92,ESTABLE,DETERIORANDO,37.76,1,vigilancia,1,2026-08,1,2026-08,bache,27.68,2.06,-0.84,liquidez -4.1; colchon +2.8,-0.85,0.0,GROUP_0042,5,5,1.719,0.856,0.856,baja,0,61.92,,,,,
COMP_0933,64.29,70.46,ESTABLE,DETERIORANDO,41.39,0,,0,,0,,,,,1.0,colchon +6.0; deuda_comercial -4.2,9.15,-8.14,GROUP_0152,4,4,1.2,0.82,0.82,baja,0,72.8,,,,,
COMP_0716,64.09,68.31,ESTABLE,MEJORANDO,64.55,0,,0,,0,,,,,26.69,liquidez +17.1; eficiencia +9.1,26.69,0.0,GROUP_0178,5,5,1.719,0.856,0.856,baja,0,85.73,,,,,
COMP_1010,63.91,69.84,ESTABLE,MEJORANDO,84.01,0,,0,,0,,,,,2.49,liquidez +7.0; colchon +6.5,8.98,-6.48,GROUP_0138,4,4,1.2,0.82,0.82,baja,0,67.37,,,,,
COMP_0787,63.38,67.3,ESTABLE,ESTABLE,47.45,1,vigilancia,0,2026-05,0,,,,,-8.98,liquidez -14.0; colchon +7.1,-8.98,0.0,GROUP_0008,5,5,1.719,0.856,0.856,baja,0,60.41,,,,,
COMP_0409,63.32,67.21,ESTABLE,DETERIORANDO,37.69,0,,0,,0,,,,,-24.0,trayectoria -8.9; liquidez -8.3,-23.99,0.0,GROUP_0009,5,5,1.719,0.856,0.856,baja,0,51.54,,,,,
COMP_1228,63.1,66.9,ESTABLE,MEJORANDO,71.89,1,vigilancia,0,2026-06,0,,,,,29.16,liquidez +17.1; eficiencia +10.4,29.17,0.0,GROUP_0049,5,5,1.719,0.856,0.856,baja,0,83.35,,,,,
COMP_0221,63.06,68.46,ESTABLE,MEJORANDO,60.03,0,,0,,0,,,,,-32.14,liquidez -14.7; trayectoria -11.1,-27.98,-4.15,GROUP_0138,4,4,1.2,0.82,0.82,baja,0,56.24,,,,,
COMP_0324,62.73,67.93,ESTABLE,DETERIORANDO,33.36,0,,0,,0,,,,,-2.75,"colchon +9.5; deuda_comercial -4.2 (cambio dominado por datos nuevos, no por comportamiento)",-0.55,-2.19,GROUP_0138,4,4,1.2,0.82,0.82,baja,0,64.62,,,,,
COMP_0202,62.69,66.38,ESTABLE,ESTABLE,53.79,0,,0,,0,,,,,,,,,GROUP_0194,5,5,1.681,0.82,0.82,baja,0,65.8,,,,,
COMP_0524,62.68,67.85,ESTABLE,MEJORANDO,60.69,0,,0,,0,,,,,-26.63,eficiencia -13.0; trayectoria -7.3,-21.89,-4.74,GROUP_0006,4,4,1.2,0.82,0.82,baja,0,58.04,,,,,
COMP_1260,62.65,67.8,ESTABLE,DETERIORANDO,36.62,0,,0,,0,,,,,-19.45,liquidez -10.6; colchon +6.7,-14.17,-5.27,GROUP_0011,4,4,1.2,0.82,0.82,baja,0,63.83,,,,,
COMP_0084,62.52,67.59,ESTABLE,MEJORANDO,66.15,0,,0,,0,,,,,0.23,liquidez +7.0; deuda_comercial -4.2,11.22,-10.99,GROUP_0138,4,4,1.2,0.82,0.82,baja,0,66.71,,,,,
COMP_0925,62.52,68.66,ESTABLE,ESTABLE,55.67,0,,0,,0,,,,,,,,,GROUP_0021,5,5,0.99,0.8,0.8,baja,0,91.3,,,,,
COMP_1023,62.33,65.79,ESTABLE,MEJORANDO,59.33,0,,0,,0,,,,,-0.59,colchon -1.3; trayectoria +0.7,-0.59,0.0,GROUP_0119,5,5,1.719,0.856,0.856,baja,0,67.16,,,,,
COMP_0855,62.0,66.75,ESTABLE,ESTABLE,50.54,0,,0,,0,,,,,-4.19,"colchon +5.7; deuda_comercial -4.2 (cambio dominado por datos nuevos, no por comportamiento)",3.16,-7.37,GROUP_0006,4,4,1.2,0.82,0.82,baja,0,67.0,,,,,
COMP_0208,61.55,64.66,ESTABLE,ESTABLE,54.45,0,,0,,0,,,,,28.58,liquidez +17.1; eficiencia +9.1,28.57,0.0,GROUP_0003,5,5,1.719,0.856,0.856,baja,0,77.01,,,,,
COMP_1036,60.59,79.43,ESTABLE,SIN DATOS,,0,,0,,0,,,,,,,,,GROUP_0121,1,1,0.246,0.82,0.82,baja,0,79.43,,,,,
COMP_0360,60.39,64.13,ESTABLE,ESTABLE,45.1,0,,0,,0,,,,,-4.51,"colchon +6.2; trayectoria -5.3 (cambio dominado por datos nuevos, no por comportamiento)",1.65,-6.16,GROUP_0138,4,4,1.2,0.82,0.82,baja,0,63.93,,,,,
COMP_0715,60.36,64.22,ESTABLE,ESTABLE,42.52,0,,0,,0,,,,,,,,,GROUP_0177,4,4,1.157,0.775,0.775,baja,0,53.05,,,,,
COMP_0063,60.08,63.63,ESTABLE,DETERIORANDO,29.01,0,,0,,0,,,,,2.73,colchon +6.7; deuda_comercial -4.2,8.17,-5.42,GROUP_0011,4,4,1.2,0.82,0.82,baja,0,64.51,,,,,
COMP_1205,59.26,62.3,ESTABLE,DETERIORANDO,39.71,0,,0,,0,,,,,-19.99,liquidez -9.0; trayectoria -8.4,-16.24,-3.75,GROUP_0011,4,4,1.2,0.82,0.82,baja,0,53.0,,,,,
COMP_0965,59.22,73.88,ESTABLE,SIN DATOS,,0,,0,,0,,,,,,,,,GROUP_0229,1,1,0.246,0.82,0.82,baja,0,73.88,,,,,
COMP_0242,59.11,67.55,ESTABLE,SIN DATOS,,0,,0,,0,,,,,-55.01,liquidez -27.0; eficiencia -21.0,-47.5,-9.17,GROUP_0108,2,2,0.417,0.73,0.73,baja,0,44.99,,,,,
COMP_0419,59.08,62.0,ESTABLE,DETERIORANDO,35.53,0,,0,,0,,,,,-5.4,"colchon +6.2; deuda_comercial -4.2 (cambio dominado por datos nuevos, no por comportamiento)",-0.22,-5.17,GROUP_0152,4,4,1.2,0.82,0.82,baja,0,60.2,,,,,
COMP_0901,58.84,61.61,ESTABLE,MEJORANDO,68.35,1,vigilancia,0,2026-06,0,,,,,6.56,liquidez +7.0; colchon +5.5,12.75,-6.2,GROUP_0017,4,4,1.2,0.82,0.82,baja,0,60.47,,,,,
COMP_0898,58.04,60.3,ESTABLE,DETERIORANDO,33.02,0,,0,,0,,,,,-7.34,"colchon +6.4; deuda_comercial -4.2 (cambio dominado por datos nuevos, no por comportamiento)",-3.34,-4.0,GROUP_0011,4,4,1.2,0.82,0.82,baja,0,55.28,,,,,
COMP_1056,58.04,60.31,ESTABLE,DETERIORANDO,22.32,0,,0,,0,,,,,-3.81,"colchon +5.5; deuda_comercial -4.2 (cambio dominado por datos nuevos, no por comportamiento)",1.3,-5.09,GROUP_0152,4,4,1.2,0.82,0.82,baja,0,56.02,,,,,
COMP_1254,57.96,59.51,ESTABLE,MEJORANDO,76.35,0,,0,,0,,,,,3.06,eficiencia +3.8; trayectoria -0.7,3.06,0.0,GROUP_0040,5,5,1.719,0.856,0.856,baja,0,59.58,,,,,
COMP_0120,57.55,59.86,ESTABLE,ESTABLE,51.92,0,,0,,0,,,,,15.3,liquidez +17.1; trayectoria -3.2,15.32,0.0,GROUP_0210,5,5,1.019,0.82,0.82,baja,0,65.48,,,,,
COMP_0957,57.55,59.51,ESTABLE,ESTABLE,54.92,0,,0,,0,,,,,-2.52,"colchon +5.3; deuda_comercial -4.2 (cambio dominado por datos nuevos, no por comportamiento)",3.51,-6.02,GROUP_0006,4,4,1.2,0.82,0.82,baja,0,58.26,,,,,
COMP_0292,57.08,58.25,ESTABLE,MEJORANDO,64.25,0,,0,,0,,,,,-18.4,colchon -13.0; eficiencia -10.4,-18.41,0.0,GROUP_0199,5,5,1.719,0.856,0.856,baja,0,52.97,,,,,
COMP_0734,56.43,57.31,ESTABLE,MEJORANDO,63.1,0,,0,,0,,,,,,,,,GROUP_0041,5,5,1.719,0.856,0.856,baja,0,56.96,,,,,
COMP_0490,56.09,57.14,ESTABLE,MEJORANDO,74.42,0,,0,,0,,,,,-2.13,"deuda_comercial -4.2; colchon +3.8 (cambio dominado por datos nuevos, no por comportamiento)",4.72,-6.84,GROUP_0138,4,4,1.2,0.82,0.82,baja,0,54.87,,,,,
COMP_0860,55.92,56.57,ESTABLE,ESTABLE,50.02,1,vigilancia,1,2026-08,1,2026-08,bache,24.42,1.86,-6.55,trayectoria -6.8,-6.55,0.0,GROUP_0199,5,5,1.719,0.856,0.856,baja,0,49.37,,,,,
COMP_0439,55.83,56.71,ESTABLE,DETERIORANDO,34.89,0,,0,,0,,,,,5.34,"colchon +14.3; trayectoria -4.9 (cambio dominado por datos nuevos, no por comportamiento)",0.57,4.78,GROUP_0236,4,4,1.2,0.82,0.82,baja,0,60.04,,,,,
COMP_0408,55.82,56.7,ESTABLE,DETERIORANDO,29.66,1,vigilancia,1,2026-08,0,,,,,-6.28,"deuda_comercial -4.2; colchon +3.3 (cambio dominado por datos nuevos, no por comportamiento)",-1.12,-5.17,GROUP_0076,4,4,1.2,0.82,0.82,baja,0,43.58,,,,,
COMP_0187,55.79,56.39,ESTABLE,DETERIORANDO,37.56,1,vigilancia,1,2026-08,1,2026-08,bache,22.16,1.26,-3.62,trayectoria -4.1; colchon +0.5,-3.62,0.0,GROUP_0044,5,5,1.719,0.856,0.856,baja,0,46.5,,,,,
COMP_1092,55.57,56.08,ESTABLE,MEJORANDO,66.58,1,vigilancia,0,2026-07,0,,,,,-7.49,eficiencia -8.0,-7.48,0.0,GROUP_0236,5,5,1.719,0.856,0.856,baja,0,50.52,,,,,
COMP_1261,55.32,55.9,ESTABLE,MEJORANDO,63.41,1,vigilancia,1,2026-07,0,,,,,-5.0,"deuda_comercial -4.2; cobro_clientes -2.5 (cambio dominado por datos nuevos, no por comportamiento)",3.73,-8.73,GROUP_0011,4,4,1.2,0.82,0.82,baja,0,47.4,,,,,
COMP_1060,55.23,55.75,ESTABLE,MEJORANDO,79.54,1,vigilancia,0,2026-06,0,,,,,-6.89,"trayectoria -4.4; deuda_comercial -4.2 (cambio dominado por datos nuevos, no por comportamiento)",2.7,-7.98,GROUP_0138,4,4,1.2,0.82,0.82,baja,0,53.97,,,,,
COMP_0072,54.93,55.16,ESTABLE,DETERIORANDO,39.63,1,nivel_bajo,0,2026-04,0,,,,,15.08,eficiencia +13.3; trayectoria +5.0,15.08,0.0,GROUP_0003,5,5,1.719,0.856,0.856,baja,0,61.94,,,,,
COMP_1148,54.57,54.67,ESTABLE,MEJORANDO,64.71,1,vigilancia,0,2026-02,0,,,,,,,,,GROUP_0165,4,4,1.2,0.82,0.82,baja,0,52.94,,,,,
COMP_0683,54.35,54.33,ESTABLE,MEJORANDO,61.11,1,vigilancia,1,2026-08,1,2026-08,caida_estructural,6.11,1.29,-4.06,eficiencia -3.2; trayectoria -0.8,-4.07,0.0,GROUP_0239,5,5,1.719,0.856,0.856,baja,0,52.36,0.0,1.0,,,
COMP_0066,53.59,52.99,ESTABLE,SIN DATOS,,0,,0,,0,,,,,,,,,GROUP_0115,2,2,1.008,0.82,0.82,baja,0,46.64,,,,,
COMP_0286,53.32,52.64,ESTABLE,MEJORANDO,65.66,0,,0,,0,,,,,-23.88,liquidez -17.8; colchon +7.3,-17.04,-2.85,GROUP_0203,4,4,1.2,0.82,0.82,baja,0,44.61,,,,,
COMP_1053,52.91,48.33,ESTABLE,SIN DATOS,,0,,0,,0,,,,,,,,,GROUP_0002,1,1,0.246,0.82,0.82,baja,0,48.33,,,,,
COMP_0303,52.64,51.87,ESTABLE,ESTABLE,50.5,1,vigilancia,1,2026-08,1,2026-08,caida_estructural,6.46,1.54,-3.54,trayectoria -2.4; colchon -1.9,-4.34,0.0,GROUP_0239,5,5,1.719,0.856,0.856,baja,0,47.58,,,,,
COMP_0118,52.61,51.48,ESTABLE,MEJORANDO,64.67,1,vigilancia,0,2026-06,0,,,,,-9.88,"deuda_comercial -4.2; trayectoria -3.3 (cambio dominado por datos nuevos, no por comportamiento)",-0.99,-8.88,GROUP_0138,4,4,1.2,0.82,0.82,baja,0,46.77,,,,,
COMP_1214,51.74,50.75,EN RIESGO,SIN DATOS,30.76,1,critica,1,2026-05,0,,,,,2.62,trayectoria +1.1; eficiencia +1.0,2.64,0.0,GROUP_0100,4,4,2.029,0.91,0.91,baja,0,40.26,,,,,
COMP_0276,51.28,49.92,EN RIESGO,DETERIORANDO,39.58,1,vigilancia,1,2026-05,1,2026-08,bache,13.74,1.44,14.14,trayectoria +11.5; colchon +2.7,14.15,0.0,GROUP_0199,5,5,1.719,0.856,0.856,baja,0,54.95,,,,,
COMP_0804,51.1,49.65,EN RIESGO,DETERIORANDO,29.27,1,critica,1,2026-05,0,,,,,-14.84,colchon -15.0,-14.83,0.0,GROUP_0077,5,5,1.719,0.856,0.856,baja,0,41.91,1.0,1.0,3.0,,3.0
COMP_1034,50.72,49.12,EN RIESGO,DETERIORANDO,27.49,0,,0,,0,,,,,0.17,trayectoria +0.7; colchon -0.6,0.14,0.0,GROUP_0128,5,5,1.719,0.856,0.856,baja,0,42.57,0.0,1.0,,,
COMP_0391,50.71,49.1,EN RIESGO,ESTABLE,44.8,1,vigilancia,0,2026-05,0,,,,,-2.34,eficiencia -1.0; trayectoria +1.0,-0.75,0.0,GROUP_0042,5,5,1.719,0.856,0.856,baja,0,42.91,,,,,
COMP_1246,50.57,48.18,EN RIESGO,DETERIORANDO,14.3,0,,0,,0,,,,,-5.72,"deuda_comercial -4.2; colchon +3.8 (cambio dominado por datos nuevos, no por comportamiento)",-1.01,-4.72,GROUP_0138,4,4,1.2,0.82,0.82,baja,0,44.14,,,,,
COMP_0724,50.5,48.79,EN RIESGO,MEJORANDO,62.13,1,vigilancia,1,2026-05,0,,,,,0.59,trayectoria +0.6,0.59,0.0,GROUP_0236,5,5,1.719,0.856,0.856,baja,0,47.96,1.0,1.0,3.0,,3.0
COMP_0717,49.75,47.29,EN RIESGO,ESTABLE,54.04,1,nivel_bajo,1,2026-07,0,,,,,-9.8,liquidez -7.2; trayectoria -2.6,-9.81,0.0,GROUP_0020,5,5,1.421,0.872,0.872,baja,0,39.36,,,,,
COMP_0114,49.74,47.7,EN RIESGO,DETERIORANDO,37.36,1,nivel_bajo,1,2026-06,0,,,,,-8.5,cobro_clientes -6.2; trayectoria -4.2,-8.51,0.0,GROUP_0044,5,5,1.719,0.856,0.856,baja,0,39.9,,,,,
COMP_0348,49.69,46.75,EN RIESGO,MEJORANDO,66.19,1,vigilancia,0,2026-06,0,,,,,0.58,"deuda_comercial -4.2; cobro_clientes -2.5 (cambio dominado por datos nuevos, no por comportamiento)",-1.19,-8.63,GROUP_0138,4,4,1.2,0.82,0.82,baja,0,46.83,,,,,
COMP_0557,49.69,47.88,EN RIESGO,MEJORANDO,58.86,1,nivel_bajo,0,2026-04,0,,,,,,,,,GROUP_0023,4,4,1.948,0.875,0.875,baja,0,41.96,,,,,
COMP_0934,48.53,46.57,EN RIESGO,ESTABLE,56.75,1,vigilancia,1,2026-06,0,,,,,1.69,colchon +1.7,1.69,0.0,GROUP_0184,5,5,2.243,0.892,0.892,baja,0,45.73,,,,,
COMP_1200,48.14,44.09,EN RIESGO,SIN DATOS,31.79,1,critica,1,2026-08,0,,,,,-6.99,"deuda_comercial -4.2; cobro_clientes -2.5 (cambio dominado por datos nuevos, no por comportamiento)",0.0,-7.0,GROUP_0138,4,4,1.157,0.775,0.775,baja,0,39.4,,,,,
COMP_0154,47.96,45.14,EN RIESGO,MEJORANDO,71.43,1,nivel_bajo,1,2026-05,0,,,,,-2.26,liquidez -3.1; deuda_comercial +0.8,-2.26,0.0,GROUP_0003,5,5,1.719,0.856,0.856,baja,0,37.24,,,,,
COMP_0015,47.8,44.74,EN RIESGO,ESTABLE,44.69,1,critica,0,2025-12,0,,,,,,,,,GROUP_0068,5,5,1.619,0.616,0.616,baja,0,38.83,,,,,
COMP_0718,46.06,40.65,EN RIESGO,SIN DATOS,38.53,1,critica,1,2026-07,0,,,,,-2.08,"trayectoria -4.2; deuda_comercial -4.2 (cambio dominado por datos nuevos, no por comportamiento)",-2.96,-7.12,GROUP_0138,4,4,1.157,0.775,0.775,baja,0,39.27,,,,,
COMP_0677,45.98,40.71,EN RIESGO,DETERIORANDO,33.12,1,critica,1,2026-06,0,,,,,-5.28,trayectoria -8.1; deuda_comercial -4.2,-8.26,-7.41,GROUP_0138,4,4,1.2,0.82,0.82,baja,0,40.28,,,,,
COMP_0415,45.58,41.64,EN RIESGO,ESTABLE,44.24,1,critica,1,2026-06,0,,,,,-9.0,liquidez -4.1; eficiencia -3.4,-8.99,0.0,GROUP_0204,5,5,1.681,0.82,0.82,baja,0,31.92,0.0,1.0,,2.0,
COMP_0729,44.12,38.92,EN RIESGO,DETERIORANDO,34.78,1,critica,0,2025-09,0,,,,,,,,,GROUP_0018,5,5,1.484,0.928,0.928,baja,0,36.74,,,,,
COMP_0272,43.45,36.6,EN RIESGO,DETERIORANDO,17.03,1,critica,1,2026-06,0,,,,,-2.7,"deuda_comercial -4.2; colchon +3.4 (cambio dominado por datos nuevos, no por comportamiento)",2.09,-4.8,GROUP_0017,4,4,1.2,0.82,0.82,baja,0,32.98,,,,,
COMP_0536,43.01,38.04,EN RIESGO,MEJORANDO,66.55,1,nivel_bajo,1,2026-04,0,,,,,4.8,eficiencia +9.1; deuda_comercial -5.0,4.8,0.0,GROUP_0039,5,5,1.719,0.856,0.856,baja,0,37.54,,,,,
COMP_0295,39.12,32.3,FRÁGIL,MEJORANDO,65.9,1,critica,1,2026-04,0,,,,,-1.18,deuda_comercial +3.8; colchon -2.9,-1.19,0.0,GROUP_0039,5,5,1.681,0.82,0.82,baja,0,27.29,0.0,1.0,,4.0,
COMP_0619,29.96,20.8,CRÍTICO,MEJORANDO,63.24,1,critica,1,2026-04,0,,,,,6.47,eficiencia +3.2; deuda_comercial +2.5,6.49,0.0,GROUP_0039,5,5,2.002,0.856,0.856,baja,0,25.95,0.0,1.0,,1.0,
COMP_0229,,,NO EVALUABLE,SIN DATOS,,0,,0,,0,,,,,,,,,GROUP_0101,0,0,0.0,0.0,0.0,baja,0,,,,,,
COMP_0317,,,NO EVALUABLE,SIN DATOS,,0,,0,,0,,,,,,,,,GROUP_0170,0,0,0.0,0.0,0.0,baja,0,,,,,,
COMP_0325,,,NO EVALUABLE,SIN DATOS,,0,,0,,0,,,,,,,,,GROUP_0101,0,0,0.0,0.0,0.0,baja,0,,,,,,
COMP_0421,,,NO EVALUABLE,SIN DATOS,,0,,0,,0,,,,,,,,,GROUP_0230,0,0,0.0,0.0,0.0,baja,0,,,,,,
COMP_0882,,,NO EVALUABLE,SIN DATOS,,0,,0,,0,,,,,,,,,GROUP_0101,0,0,0.0,0.0,0.0,baja,0,,,,,,
COMP_1068,,,NO EVALUABLE,SIN DATOS,,0,,0,,0,,,,,,,,,GROUP_0209,0,0,0.0,0.0,0.0,baja,0,,,,,,
